iso_time,lat,lon,accuracy_m,sub_id,carrier_raw,carrier_label,network_type,dbm,level,rsrp,rsrq,sinr
2026-09-16T06:54:22.258+02:00,43.9352938,10.24531928,41.7967,1,I TIM,TIM,LTE,-86,4,-86,-9,8
2026-09-16T06:54:22.258+02:00,43.9352938,10.24531928,41.7967,3,Iliad,Iliad,LTE,-79,4,-79,-10,5
2026-09-16T06:54:26.293+02:00,43.9077431,10.2370566,600.0,1,I TIM,TIM,LTE,-82,4,-82,-10,17
2026-09-16T06:54:26.293+02:00,43.9077431,10.2370566,600.0,3,Iliad,Iliad,LTE,-74,4,-74,-9,8
2026-09-16T06:54:30.333+02:00,43.9077431,10.2370566,600.0,1,I TIM,TIM,LTE,-83,4,-83,-12,11
2026-09-16T06:54:30.333+02:00,43.9077431,10.2370566,600.0,3,Iliad,Iliad,LTE,-75,4,-75,-9,9
2026-09-16T06:54:34.356+02:00,43.9077431,10.2370566,600.0,1,I TIM,TIM,LTE,-88,4,-88,-12,6
2026-09-16T06:54:34.356+02:00,43.9077431,10.2370566,600.0,3,Iliad,Iliad,LTE,-78,4,-78,-9,10
2026-09-16T06:54:38.377+02:00,43.9077431,10.2370566,600.0,1,I TIM,TIM,LTE,-86,4,-86,-12,7
2026-09-16T06:54:38.377+02:00,43.9077431,10.2370566,600.0,3,Iliad,Iliad,LTE,-78,4,-78,-9,10
2026-09-16T06:54:42.394+02:00,43.9077431,10.2370566,600.0,1,I TIM,TIM,LTE,-84,4,-84,-11,6
2026-09-16T06:54:42.394+02:00,43.9077431,10.2370566,600.0,3,Iliad,Iliad,LTE,-76,4,-76,-10,7
2026-09-16T06:54:46.411+02:00,43.9077431,10.2370566,600.0,1,I TIM,TIM,LTE,-86,4,-86,-10,1
2026-09-16T06:54:46.411+02:00,43.9077431,10.2370566,600.0,3,Iliad,Iliad,LTE,-76,4,-76,-10,7
2026-09-16T06:54:50.430+02:00,43.9077431,10.2370566,600.0,1,I TIM,TIM,LTE,-90,4,-90,-13,-4
2026-09-16T06:54:50.430+02:00,43.9077431,10.2370566,600.0,3,Iliad,Iliad,LTE,-76,4,-76,-9,7
2026-09-16T06:54:54.448+02:00,43.9077431,10.2370566,600.0,1,I TIM,TIM,LTE,-101,3,-101,-18,-5
2026-09-16T06:54:54.448+02:00,43.9077431,10.2370566,600.0,3,Iliad,Iliad,LTE,-83,4,-83,-13,-1
2026-09-16T06:54:58.464+02:00,43.9077431,10.2370566,600.0,1,I TIM,TIM,LTE,-98,4,-98,-17,-3
2026-09-16T06:54:58.464+02:00,43.9077431,10.2370566,600.0,3,Iliad,Iliad,LTE,-80,4,-80,-14,-2
2026-09-16T06:55:02.486+02:00,43.9077431,10.2370566,600.0,1,I TIM,TIM,LTE,-91,4,-91,-13,-1
2026-09-16T06:55:02.486+02:00,43.9077431,10.2370566,600.0,3,Iliad,Iliad,LTE,-80,4,-80,-14,1
2026-09-16T06:55:06.515+02:00,43.9077431,10.2370566,600.0,1,I TIM,TIM,LTE,-84,4,-84,-12,5
2026-09-16T06:55:06.515+02:00,43.9077431,10.2370566,600.0,3,Iliad,Iliad,LTE,-76,4,-76,-10,6
2026-09-16T06:55:10.528+02:00,43.8792944,10.2577341,300.0,1,I TIM,TIM,LTE,-84,4,-84,-12,6
2026-09-16T06:55:10.528+02:00,43.8792944,10.2577341,300.0,3,Iliad,Iliad,LTE,-73,4,-73,-10,3
2026-09-16T06:55:14.545+02:00,43.8792944,10.2577341,300.0,1,I TIM,TIM,LTE,-83,4,-83,-12,6
2026-09-16T06:55:14.545+02:00,43.8792944,10.2577341,300.0,3,Iliad,Iliad,LTE,-75,4,-75,-11,1
2026-09-16T06:55:18.564+02:00,43.8792944,10.2577341,300.0,1,I TIM,TIM,LTE,-82,4,-82,-10,7
2026-09-16T06:55:18.564+02:00,43.8792944,10.2577341,300.0,3,Iliad,Iliad,LTE,-83,4,-83,-14,-1
2026-09-16T06:55:22.585+02:00,43.8792944,10.2577341,300.0,1,I TIM,TIM,LTE,-82,4,-82,-10,7
2026-09-16T06:55:22.585+02:00,43.8792944,10.2577341,300.0,3,Iliad,Iliad,LTE,-90,4,-90,-15,-5
2026-09-16T06:55:26.606+02:00,43.8792944,10.2577341,300.0,1,I TIM,TIM,LTE,-81,4,-81,-9,7
2026-09-16T06:55:26.606+02:00,43.8792944,10.2577341,300.0,3,Iliad,Iliad,LTE,-85,4,-85,-13,-2
2026-09-16T06:55:30.628+02:00,43.8792944,10.2577341,300.0,1,I TIM,TIM,LTE,-82,4,-82,-11,6
2026-09-16T06:55:30.628+02:00,43.8792944,10.2577341,300.0,3,Iliad,Iliad,LTE,-78,4,-78,-11,4
2026-09-16T06:55:34.648+02:00,43.8792944,10.2577341,300.0,1,I TIM,TIM,LTE,-84,4,-84,-12,3
2026-09-16T06:55:34.648+02:00,43.8792944,10.2577341,300.0,3,Iliad,Iliad,LTE,-81,4,-81,-13,1
2026-09-16T06:55:38.667+02:00,43.8792944,10.2577341,300.0,1,I TIM,TIM,LTE,-86,4,-86,-13,2
2026-09-16T06:55:38.667+02:00,43.8792944,10.2577341,300.0,3,Iliad,Iliad,LTE,-84,4,-84,-15,-2
2026-09-16T06:55:42.688+02:00,43.8792944,10.2577341,300.0,1,I TIM,TIM,LTE,-87,4,-87,-12,2
2026-09-16T06:55:42.688+02:00,43.8792944,10.2577341,300.0,3,Iliad,Iliad,LTE,-83,4,-83,-13,0
2026-09-16T06:55:46.708+02:00,43.8792944,10.2577341,300.0,1,I TIM,TIM,LTE,-87,4,-87,-11,3
2026-09-16T06:55:46.708+02:00,43.8792944,10.2577341,300.0,3,Iliad,Iliad,LTE,-84,4,-84,-13,0
2026-09-16T06:55:50.725+02:00,43.8792944,10.2577341,300.0,1,I TIM,TIM,LTE,-91,4,-91,-11,4
2026-09-16T06:55:50.725+02:00,43.8792944,10.2577341,300.0,3,Iliad,Iliad,LTE,-85,4,-85,-13,2
2026-09-16T06:55:54.745+02:00,43.8792944,10.2577341,300.0,1,I TIM,TIM,LTE,-95,4,-95,-13,3
2026-09-16T06:55:54.745+02:00,43.8792944,10.2577341,300.0,3,Iliad,Iliad,LTE,-85,4,-85,-12,5
2026-09-16T06:55:58.774+02:00,43.8792944,10.2577341,300.0,1,I TIM,TIM,LTE,-98,4,-98,-13,2
2026-09-16T06:55:58.774+02:00,43.8792944,10.2577341,300.0,3,Iliad,Iliad,LTE,-85,4,-85,-12,5
2026-09-16T06:56:02.793+02:00,43.8792944,10.2577341,300.0,1,I TIM,TIM,LTE,-99,3,-99,-12,2
2026-09-16T06:56:02.793+02:00,43.8792944,10.2577341,300.0,3,Iliad,Iliad,LTE,-83,4,-83,-11,8
2026-09-16T06:56:06.815+02:00,43.8792944,10.2577341,300.0,1,I TIM,TIM,LTE,-94,4,-94,-10,3
2026-09-16T06:56:06.815+02:00,43.8792944,10.2577341,300.0,3,Iliad,Iliad,LTE,-82,4,-82,-11,8
2026-09-16T06:56:10.849+02:00,43.8792944,10.2577341,300.0,1,I TIM,TIM,LTE,-90,4,-90,-12,6
2026-09-16T06:56:10.849+02:00,43.8792944,10.2577341,300.0,3,Iliad,Iliad,LTE,-81,4,-81,-10,8
2026-09-16T06:56:14.867+02:00,43.8792944,10.2577341,300.0,1,I TIM,TIM,LTE,-90,4,-90,-12,7
2026-09-16T06:56:14.867+02:00,43.8792944,10.2577341,300.0,3,Iliad,Iliad,LTE,-80,4,-80,-11,8
2026-09-16T06:56:18.885+02:00,43.8792944,10.2577341,300.0,1,I TIM,TIM,LTE,-89,4,-89,-11,5
2026-09-16T06:56:18.885+02:00,43.8792944,10.2577341,300.0,3,Iliad,Iliad,LTE,-80,4,-80,-11,7
2026-09-16T06:56:22.909+02:00,43.8792944,10.2577341,300.0,1,I TIM,TIM,LTE,-88,4,-88,-10,5
2026-09-16T06:56:22.909+02:00,43.8792944,10.2577341,300.0,3,Iliad,Iliad,LTE,-80,4,-80,-12,8
2026-09-16T06:56:26.946+02:00,43.8792944,10.2577341,300.0,1,I TIM,TIM,LTE,-87,4,-87,-9,9
2026-09-16T06:56:26.946+02:00,43.8792944,10.2577341,300.0,3,Iliad,Iliad,LTE,-79,4,-79,-11,8
2026-09-16T06:56:30.969+02:00,43.8792944,10.2577341,300.0,1,I TIM,TIM,LTE,-88,4,-88,-9,8
2026-09-16T06:56:30.969+02:00,43.8792944,10.2577341,300.0,3,Iliad,Iliad,LTE,-78,4,-78,-10,11
2026-09-16T06:56:35.001+02:00,43.8792944,10.2577341,300.0,1,I TIM,TIM,LTE,-88,4,-88,-10,7
2026-09-16T06:56:35.001+02:00,43.8792944,10.2577341,300.0,3,Iliad,Iliad,LTE,-78,4,-78,-10,12
2026-09-16T06:56:39.023+02:00,43.8792944,10.2577341,300.0,1,I TIM,TIM,LTE,-88,4,-88,-10,4
2026-09-16T06:56:39.023+02:00,43.8792944,10.2577341,300.0,3,Iliad,Iliad,LTE,-78,4,-78,-10,11
2026-09-16T06:56:43.040+02:00,43.8792944,10.2577341,300.0,1,I TIM,TIM,LTE,-88,4,-88,-10,4
2026-09-16T06:56:43.040+02:00,43.8792944,10.2577341,300.0,3,Iliad,Iliad,LTE,-78,4,-78,-10,11
2026-09-16T06:56:47.055+02:00,43.8792944,10.2577341,300.0,1,I TIM,TIM,LTE,-89,4,-89,-10,4
2026-09-16T06:56:47.055+02:00,43.8792944,10.2577341,300.0,3,Iliad,Iliad,LTE,-87,4,-87,-11,1
2026-09-16T06:56:51.121+02:00,43.8792944,10.2577341,300.0,1,I TIM,TIM,LTE,-92,4,-92,-9,5
2026-09-16T06:56:51.121+02:00,43.8792944,10.2577341,300.0,3,Iliad,Iliad,LTE,-108,3,-108,-15,-4
2026-09-16T06:56:55.140+02:00,43.8792944,10.2577341,300.0,1,I TIM,TIM,LTE,-92,4,-92,-9,5
2026-09-16T06:56:55.140+02:00,43.8792944,10.2577341,300.0,3,Iliad,Iliad,LTE,-107,3,-107,-16,-4
2026-09-16T06:56:59.157+02:00,43.88490663,10.25100197,23.86589,1,I TIM,TIM,LTE,-89,4,-89,-9,7
2026-09-16T06:56:59.157+02:00,43.88490663,10.25100197,23.86589,3,Iliad,Iliad,LTE,-107,3,-107,-16,-5
2026-09-16T06:57:03.172+02:00,43.88462194,10.25108708,11.105593,1,I TIM,TIM,LTE,-86,4,-86,-9,10
2026-09-16T06:57:03.172+02:00,43.88462194,10.25108708,11.105593,3,Iliad,Iliad,LTE,-107,3,-107,-16,-3
2026-09-16T06:57:07.185+02:00,43.88419796,10.25107749,8.631956,1,I TIM,TIM,LTE,-87,4,-87,-9,9
2026-09-16T06:57:07.185+02:00,43.88419796,10.25107749,8.631956,3,Iliad,Iliad,LTE,-107,3,-107,-16,-3
2026-09-16T06:57:11.208+02:00,43.88379961,10.25110809,8.402116,1,I TIM,TIM,LTE,-89,4,-89,-10,7
2026-09-16T06:57:11.208+02:00,43.88379961,10.25110809,8.402116,3,Iliad,Iliad,LTE,-104,3,-104,-16,1
2026-09-16T06:57:15.231+02:00,43.88334987,10.25117692,7.544989,1,I TIM,TIM,LTE,-91,4,-91,-9,6
2026-09-16T06:57:15.231+02:00,43.88334987,10.25117692,7.544989,3,Iliad,Iliad,LTE,-104,3,-104,-16,1
2026-09-16T06:57:19.251+02:00,43.88288481,10.25127862,6.7926426,1,I TIM,TIM,LTE,-89,4,-89,-8,7
2026-09-16T06:57:19.251+02:00,43.88288481,10.25127862,6.7926426,3,Iliad,Iliad,LTE,-92,4,-92,-16,-2
2026-09-16T06:57:23.275+02:00,43.88236784,10.2513374,5.375288,1,I TIM,TIM,LTE,-89,4,-89,-8,8
2026-09-16T06:57:23.275+02:00,43.88236784,10.2513374,5.375288,3,Iliad,Iliad,LTE,-85,4,-85,-16,-2
2026-09-16T06:57:27.292+02:00,43.88181684,10.25141856,4.8362217,1,I TIM,TIM,LTE,-89,4,-89,-9,9
2026-09-16T06:57:27.292+02:00,43.88181684,10.25141856,4.8362217,3,Iliad,Iliad,LTE,-80,4,-80,-16,-3
2026-09-16T06:57:31.306+02:00,43.88130312,10.25151235,7.651857,1,I TIM,TIM,LTE,-91,4,-91,-10,7
2026-09-16T06:57:31.306+02:00,43.88130312,10.25151235,7.651857,3,Iliad,Iliad,LTE,-80,4,-80,-16,-3
2026-09-16T06:57:35.328+02:00,43.8806838,10.25151284,8.039657,1,I TIM,TIM,LTE,-92,4,-92,-10,6
2026-09-16T06:57:35.328+02:00,43.8806838,10.25151284,8.039657,3,Iliad,Iliad,LTE,-81,4,-81,-16,-4
2026-09-16T06:57:39.344+02:00,43.8792944,10.2577341,300.0,1,I TIM,TIM,LTE,-95,4,-95,-13,-1
2026-09-16T06:57:39.344+02:00,43.8792944,10.2577341,300.0,3,Iliad,Iliad,LTE,-79,4,-79,-14,-4
2026-09-16T06:57:43.370+02:00,43.87943922,10.25169907,8.405344,1,I TIM,TIM,LTE,-97,4,-97,-15,-3
2026-09-16T06:57:43.370+02:00,43.87943922,10.25169907,8.405344,3,Iliad,Iliad,LTE,-75,4,-75,-12,3
2026-09-16T06:57:47.391+02:00,43.87883035,10.25172811,7.9683685,1,I TIM,TIM,LTE,-98,4,-98,-16,-3
2026-09-16T06:57:47.391+02:00,43.87883035,10.25172811,7.9683685,3,Iliad,Iliad,LTE,-75,4,-75,-11,5
2026-09-16T06:57:51.415+02:00,43.87822403,10.25176181,5.922589,1,I TIM,TIM,LTE,-98,4,-98,-17,-3
2026-09-16T06:57:51.415+02:00,43.87822403,10.25176181,5.922589,3,Iliad,Iliad,LTE,-75,4,-75,-11,5
2026-09-16T06:57:55.435+02:00,43.87767959,10.25183257,6.7881126,1,I TIM,TIM,LTE,-97,4,-97,-17,-5
2026-09-16T06:57:55.435+02:00,43.87767959,10.25183257,6.7881126,3,Iliad,Iliad,LTE,-74,4,-74,-10,11
2026-09-16T06:57:59.459+02:00,43.87723901,10.25196499,11.940177,1,I TIM,TIM,LTE,-96,4,-96,-16,-4
2026-09-16T06:57:59.459+02:00,43.87723901,10.25196499,11.940177,3,Iliad,Iliad,LTE,-74,4,-74,-9,16
2026-09-16T06:58:03.480+02:00,43.87677199,10.25208563,12.410007,1,I TIM,TIM,LTE,-90,4,-90,-12,1
2026-09-16T06:58:03.480+02:00,43.87677199,10.25208563,12.410007,3,Iliad,Iliad,LTE,-75,4,-75,-9,17
2026-09-16T06:58:07.505+02:00,43.87637706,10.25222104,12.520537,1,I TIM,TIM,LTE,-91,4,-91,-10,3
2026-09-16T06:58:07.505+02:00,43.87637706,10.25222104,12.520537,3,Iliad,Iliad,LTE,-76,4,-76,-8,16
2026-09-16T06:58:11.528+02:00,43.87592427,10.2523657,14.028007,1,I TIM,TIM,LTE,-90,4,-90,-10,4
2026-09-16T06:58:11.528+02:00,43.87592427,10.2523657,14.028007,3,Iliad,Iliad,LTE,-74,4,-74,-8,18
2026-09-16T06:58:15.547+02:00,43.8755358,10.25249574,14.68668,1,I TIM,TIM,LTE,-90,4,-90,-10,4
2026-09-16T06:58:15.547+02:00,43.8755358,10.25249574,14.68668,3,Iliad,Iliad,LTE,-75,4,-75,-9,18
2026-09-16T06:58:19.565+02:00,43.87525686,10.25260504,14.543682,1,I TIM,TIM,LTE,-90,4,-90,-10,4
2026-09-16T06:58:19.565+02:00,43.87525686,10.25260504,14.543682,3,Iliad,Iliad,LTE,-74,4,-74,-9,19
2026-09-16T06:58:23.581+02:00,43.87497919,10.25272406,14.225903,1,I TIM,TIM,LTE,-91,4,-91,-9,6
2026-09-16T06:58:23.581+02:00,43.87497919,10.25272406,14.225903,3,Iliad,Iliad,LTE,-74,4,-74,-10,17
2026-09-16T06:58:27.604+02:00,43.87471626,10.25282526,13.318246,1,I TIM,TIM,LTE,-90,4,-90,-10,5
2026-09-16T06:58:27.604+02:00,43.87471626,10.25282526,13.318246,3,Iliad,Iliad,LTE,-74,4,-74,-10,16
2026-09-16T06:58:31.626+02:00,43.87448985,10.25296888,12.838167,1,I TIM,TIM,LTE,-87,4,-87,-9,7
2026-09-16T06:58:31.626+02:00,43.87448985,10.25296888,12.838167,3,Iliad,Iliad,LTE,-75,4,-75,-9,16
2026-09-16T06:58:35.645+02:00,43.87425562,10.2531026,13.353831,1,I TIM,TIM,LTE,-87,4,-87,-9,7
2026-09-16T06:58:35.645+02:00,43.87425562,10.2531026,13.353831,3,Iliad,Iliad,LTE,-73,4,-73,-8,16
2026-09-16T06:58:39.664+02:00,43.87410807,10.25312739,12.565391,1,I TIM,TIM,LTE,-89,4,-89,-11,4
2026-09-16T06:58:39.664+02:00,43.87410807,10.25312739,12.565391,3,Iliad,Iliad,LTE,-73,4,-73,-8,17
2026-09-16T06:58:43.683+02:00,43.8741134,10.2525986,104.1,1,I TIM,TIM,LTE,-88,4,-88,-10,5
2026-09-16T06:58:43.683+02:00,43.8741134,10.2525986,104.1,3,Iliad,Iliad,LTE,-72,4,-72,-9,13
2026-09-16T06:58:47.766+02:00,43.87389951,10.25315969,11.9134035,1,I TIM,TIM,LTE,-87,4,-87,-11,5
2026-09-16T06:58:47.766+02:00,43.87389951,10.25315969,11.9134035,3,Iliad,Iliad,LTE,-73,4,-73,-9,12
2026-09-16T06:58:51.794+02:00,43.8698296,10.2545796,300.0,1,I TIM,TIM,LTE,-87,4,-87,-11,3
2026-09-16T06:58:51.794+02:00,43.8698296,10.2545796,300.0,3,Iliad,Iliad,LTE,-75,4,-75,-10,12
2026-09-16T06:58:55.814+02:00,43.87390611,10.25310496,11.037427,1,I TIM,TIM,LTE,-87,4,-87,-11,3
2026-09-16T06:58:55.814+02:00,43.87390611,10.25310496,11.037427,3,Iliad,Iliad,LTE,-74,4,-74,-10,12
2026-09-16T06:58:59.828+02:00,43.8737474,10.2527635,142.5,1,I TIM,TIM,LTE,-87,4,-87,-11,3
2026-09-16T06:58:59.828+02:00,43.8737474,10.2527635,142.5,3,Iliad,Iliad,LTE,-74,4,-74,-10,12
2026-09-16T06:59:03.853+02:00,43.87386638,10.25311051,10.613705,1,I TIM,TIM,LTE,-87,4,-87,-11,3
2026-09-16T06:59:03.853+02:00,43.87386638,10.25311051,10.613705,3,Iliad,Iliad,LTE,-75,4,-75,-9,12
2026-09-16T06:59:07.873+02:00,43.87387046,10.25308408,10.973466,1,I TIM,TIM,LTE,-87,4,-87,-11,4
2026-09-16T06:59:07.873+02:00,43.87387046,10.25308408,10.973466,3,Iliad,Iliad,LTE,-76,4,-76,-9,11
2026-09-16T06:59:11.889+02:00,43.8698296,10.2545796,300.0,1,I TIM,TIM,LTE,-88,4,-88,-10,4
2026-09-16T06:59:11.889+02:00,43.8698296,10.2545796,300.0,3,Iliad,Iliad,LTE,-76,4,-76,-9,11
2026-09-16T06:59:15.908+02:00,43.87395861,10.25315474,12.307478,1,I TIM,TIM,LTE,-88,4,-88,-10,4
2026-09-16T06:59:15.908+02:00,43.87395861,10.25315474,12.307478,3,Iliad,Iliad,LTE,-74,4,-74,-11,12
2026-09-16T06:59:19.936+02:00,43.8698296,10.2545796,300.0,1,I TIM,TIM,LTE,-88,4,-88,-10,4
2026-09-16T06:59:19.936+02:00,43.8698296,10.2545796,300.0,3,Iliad,Iliad,LTE,-73,4,-73,-10,13
2026-09-16T06:59:23.961+02:00,43.87397045,10.25310139,12.433578,1,I TIM,TIM,LTE,-88,4,-88,-11,5
2026-09-16T06:59:23.961+02:00,43.87397045,10.25310139,12.433578,3,Iliad,Iliad,LTE,-73,4,-73,-10,12
2026-09-16T06:59:27.976+02:00,43.87397436,10.25309951,12.321499,1,I TIM,TIM,LTE,-88,4,-88,-11,5
2026-09-16T06:59:27.976+02:00,43.87397436,10.25309951,12.321499,3,Iliad,Iliad,LTE,-73,4,-73,-10,11
2026-09-16T06:59:31.991+02:00,43.87398625,10.25310388,11.583402,1,I TIM,TIM,LTE,-87,4,-87,-11,7
2026-09-16T06:59:31.991+02:00,43.87398625,10.25310388,11.583402,3,Iliad,Iliad,LTE,-73,4,-73,-10,11
2026-09-16T06:59:36.009+02:00,43.87398435,10.25310508,11.534047,1,I TIM,TIM,LTE,-87,4,-87,-11,6
2026-09-16T06:59:36.009+02:00,43.87398435,10.25310508,11.534047,3,Iliad,Iliad,LTE,-75,4,-75,-10,13
2026-09-16T06:59:40.029+02:00,43.87397906,10.25310052,11.226829,1,I TIM,TIM,LTE,-87,4,-87,-11,6
2026-09-16T06:59:40.029+02:00,43.87397906,10.25310052,11.226829,3,Iliad,Iliad,LTE,-77,4,-77,-11,14
2026-09-16T06:59:44.054+02:00,43.87397798,10.25309971,11.221979,1,I TIM,TIM,LTE,-86,4,-86,-11,8
2026-09-16T06:59:44.054+02:00,43.87397798,10.25309971,11.221979,3,Iliad,Iliad,LTE,-77,4,-77,-11,14
2026-09-16T06:59:48.076+02:00,43.87397459,10.25308918,11.316374,1,I TIM,TIM,LTE,-86,4,-86,-11,8
2026-09-16T06:59:48.076+02:00,43.87397459,10.25308918,11.316374,3,Iliad,Iliad,LTE,-76,4,-76,-10,13
2026-09-16T06:59:52.095+02:00,43.87397436,10.25308714,11.328363,1,I TIM,TIM,LTE,-86,4,-86,-11,8
2026-09-16T06:59:52.095+02:00,43.87397436,10.25308714,11.328363,3,Iliad,Iliad,LTE,-76,4,-76,-10,13
2026-09-16T06:59:56.114+02:00,43.87397019,10.25308011,12.102969,1,I TIM,TIM,LTE,-87,4,-87,-10,8
2026-09-16T06:59:56.114+02:00,43.87397019,10.25308011,12.102969,3,Iliad,Iliad,LTE,-76,4,-76,-10,13
2026-09-16T07:00:00.133+02:00,43.87397603,10.25308785,12.295925,1,I TIM,TIM,LTE,-87,4,-87,-10,8
2026-09-16T07:00:00.133+02:00,43.87397603,10.25308785,12.295925,3,Iliad,Iliad,LTE,-76,4,-76,-10,13
2026-09-16T07:00:04.151+02:00,43.87397458,10.25308534,11.979782,1,I TIM,TIM,LTE,-86,4,-86,-11,7
2026-09-16T07:00:04.151+02:00,43.87397458,10.25308534,11.979782,3,Iliad,Iliad,LTE,-76,4,-76,-10,13
2026-09-16T07:00:08.170+02:00,43.87397244,10.25308082,12.383473,1,I TIM,TIM,LTE,-86,4,-86,-11,7
2026-09-16T07:00:08.170+02:00,43.87397244,10.25308082,12.383473,3,Iliad,Iliad,LTE,-76,4,-76,-10,13
2026-09-16T07:00:12.188+02:00,43.87396963,10.25307645,12.013723,1,I TIM,TIM,LTE,-86,4,-86,-11,7
2026-09-16T07:00:12.188+02:00,43.87396963,10.25307645,12.013723,3,Iliad,Iliad,LTE,-76,4,-76,-10,11
2026-09-16T07:00:16.204+02:00,43.87396745,10.25307266,11.672801,1,I TIM,TIM,LTE,-86,4,-86,-11,7
2026-09-16T07:00:16.204+02:00,43.87396745,10.25307266,11.672801,3,Iliad,Iliad,LTE,-76,4,-76,-10,11
2026-09-16T07:00:20.221+02:00,43.8737331,10.2527337,122.4,1,I TIM,TIM,LTE,-86,4,-86,-11,7
2026-09-16T07:00:20.221+02:00,43.8737331,10.2527337,122.4,3,Iliad,Iliad,LTE,-76,4,-76,-10,11
2026-09-16T07:00:24.239+02:00,43.87396564,10.25306996,11.647644,1,I TIM,TIM,LTE,-87,4,-87,-11,5
2026-09-16T07:00:24.239+02:00,43.87396564,10.25306996,11.647644,3,Iliad,Iliad,LTE,-77,4,-77,-11,8
2026-09-16T07:00:28.255+02:00,43.87396493,10.25307003,12.1925,1,I TIM,TIM,LTE,-87,4,-87,-11,5
2026-09-16T07:00:28.255+02:00,43.87396493,10.25307003,12.1925,3,Iliad,Iliad,LTE,-77,4,-77,-11,11
2026-09-16T07:00:32.274+02:00,43.87396454,10.25306949,11.284283,1,I TIM,TIM,LTE,-87,4,-87,-11,5
2026-09-16T07:00:32.274+02:00,43.87396454,10.25306949,11.284283,3,Iliad,Iliad,LTE,-77,4,-77,-11,11
2026-09-16T07:00:36.297+02:00,43.87396349,10.25306843,11.345047,1,I TIM,TIM,LTE,-87,4,-87,-11,5
2026-09-16T07:00:36.297+02:00,43.87396349,10.25306843,11.345047,3,Iliad,Iliad,LTE,-77,4,-77,-10,13
2026-09-16T07:00:40.320+02:00,43.87396379,10.25307075,11.852962,1,I TIM,TIM,LTE,-88,4,-88,-10,5
2026-09-16T07:00:40.320+02:00,43.87396379,10.25307075,11.852962,3,Iliad,Iliad,LTE,-77,4,-77,-11,11
2026-09-16T07:00:44.341+02:00,43.87396346,10.25307063,11.499657,1,I TIM,TIM,LTE,-88,4,-88,-10,5
2026-09-16T07:00:44.341+02:00,43.87396346,10.25307063,11.499657,3,Iliad,Iliad,LTE,-77,4,-77,-11,11
2026-09-16T07:00:48.363+02:00,43.87396288,10.25306972,12.796644,1,I TIM,TIM,LTE,-88,4,-88,-10,5
2026-09-16T07:00:48.363+02:00,43.87396288,10.25306972,12.796644,3,Iliad,Iliad,LTE,-85,4,-85,-12,8
2026-09-16T07:00:52.389+02:00,43.87396257,10.25306857,13.009118,1,I TIM,TIM,LTE,-87,4,-87,-11,5
2026-09-16T07:00:52.389+02:00,43.87396257,10.25306857,13.009118,3,Iliad,Iliad,LTE,-95,4,-95,-13,7
2026-09-16T07:00:56.411+02:00,43.87396174,10.25306738,11.66761,1,I TIM,TIM,LTE,-87,4,-87,-11,5
2026-09-16T07:00:56.411+02:00,43.87396174,10.25306738,11.66761,3,Iliad,Iliad,LTE,-109,2,-109,-14,7
2026-09-16T07:01:00.429+02:00,43.87386876,10.25309341,12.182017,1,I TIM,TIM,LTE,-86,4,-86,-12,2
2026-09-16T07:01:00.429+02:00,43.87386876,10.25309341,12.182017,3,Iliad,Iliad,LTE,-109,2,-109,-14,7
2026-09-16T07:01:04.452+02:00,43.87367798,10.25341125,12.778495,1,I TIM,TIM,LTE,-86,4,-86,-12,2
2026-09-16T07:01:04.452+02:00,43.87367798,10.25341125,12.778495,3,Iliad,Iliad,LTE,-109,2,-109,-14,3
2026-09-16T07:01:08.469+02:00,43.8734066,10.25354572,12.918925,1,I TIM,TIM,LTE,-84,4,-84,-12,4
2026-09-16T07:01:08.469+02:00,43.8734066,10.25354572,12.918925,3,Iliad,Iliad,LTE,-109,2,-109,-14,3
2026-09-16T07:01:12.492+02:00,43.87311564,10.25357063,13.551962,1,I TIM,TIM,LTE,-86,4,-86,-13,1
2026-09-16T07:01:12.492+02:00,43.87311564,10.25357063,13.551962,3,Iliad,Iliad,LTE,-107,3,-107,-14,-1
2026-09-16T07:01:16.509+02:00,43.87276076,10.25363845,12.676242,1,I TIM,TIM,LTE,-88,4,-88,-14,0
2026-09-16T07:01:16.509+02:00,43.87276076,10.25363845,12.676242,3,Iliad,Iliad,LTE,-103,3,-103,-15,-3
2026-09-16T07:01:20.534+02:00,43.87243315,10.25378601,14.192865,1,I TIM,TIM,LTE,-90,4,-90,-12,0
2026-09-16T07:01:20.534+02:00,43.87243315,10.25378601,14.192865,3,Iliad,Iliad,LTE,-84,4,-84,-13,-1
2026-09-16T07:01:24.558+02:00,43.87210747,10.25387666,14.246059,1,I TIM,TIM,LTE,-87,4,-87,-12,3
2026-09-16T07:01:24.558+02:00,43.87210747,10.25387666,14.246059,3,Iliad,Iliad,LTE,-78,4,-78,-11,6
2026-09-16T07:01:28.581+02:00,43.87174872,10.2540016,14.349216,1,I TIM,TIM,LTE,-87,4,-87,-12,3
2026-09-16T07:01:28.581+02:00,43.87174872,10.2540016,14.349216,3,Iliad,Iliad,LTE,-78,4,-78,-10,7
2026-09-16T07:01:32.601+02:00,43.87134521,10.25412938,13.382774,1,I TIM,TIM,LTE,-87,4,-87,-12,3
2026-09-16T07:01:32.601+02:00,43.87134521,10.25412938,13.382774,3,Iliad,Iliad,LTE,-77,4,-77,-11,4
2026-09-16T07:01:36.620+02:00,43.8709076,10.25431959,13.073932,1,I TIM,TIM,LTE,-89,4,-89,-12,0
2026-09-16T07:01:36.620+02:00,43.8709076,10.25431959,13.073932,3,Iliad,Iliad,LTE,-76,4,-76,-12,3
2026-09-16T07:01:40.641+02:00,43.87045502,10.25453127,13.680234,1,I TIM,TIM,LTE,-89,4,-89,-12,0
2026-09-16T07:01:40.641+02:00,43.87045502,10.25453127,13.680234,3,Iliad,Iliad,LTE,-76,4,-76,-12,-1
2026-09-16T07:01:44.661+02:00,43.8698296,10.2545796,300.0,1,I TIM,TIM,LTE,-85,4,-85,-10,7
2026-09-16T07:01:44.661+02:00,43.8698296,10.2545796,300.0,3,Iliad,Iliad,LTE,-78,4,-78,-12,-2
2026-09-16T07:01:48.680+02:00,43.8694678,10.25509067,13.526146,1,I TIM,TIM,LTE,-85,4,-85,-10,6
2026-09-16T07:01:48.680+02:00,43.8694678,10.25509067,13.526146,3,Iliad,Iliad,LTE,-76,4,-76,-11,1
2026-09-16T07:01:52.704+02:00,43.86891174,10.25550207,13.188559,1,I TIM,TIM,LTE,-84,4,-84,-9,8
2026-09-16T07:01:52.704+02:00,43.86891174,10.25550207,13.188559,3,Iliad,Iliad,LTE,-74,4,-74,-9,5
2026-09-16T07:01:56.727+02:00,43.86837577,10.25589112,14.012382,1,I TIM,TIM,LTE,-85,4,-85,-9,12
2026-09-16T07:01:56.727+02:00,43.86837577,10.25589112,14.012382,3,Iliad,Iliad,LTE,-71,4,-71,-9,14
2026-09-16T07:02:00.749+02:00,43.86778127,10.25636358,14.528957,1,I TIM,TIM,LTE,-86,4,-86,-9,18
2026-09-16T07:02:00.749+02:00,43.86778127,10.25636358,14.528957,3,Iliad,Iliad,LTE,-72,4,-72,-8,19
2026-09-16T07:02:04.769+02:00,43.86720361,10.25681604,13.8991995,1,I TIM,TIM,LTE,-87,4,-87,-10,14
2026-09-16T07:02:04.769+02:00,43.86720361,10.25681604,13.8991995,3,Iliad,Iliad,LTE,-75,4,-75,-9,13
2026-09-16T07:02:08.794+02:00,43.8665889,10.25740099,14.088942,1,I TIM,TIM,LTE,-89,4,-89,-10,6
2026-09-16T07:02:08.794+02:00,43.8665889,10.25740099,14.088942,3,Iliad,Iliad,LTE,-76,4,-76,-10,6
2026-09-16T07:02:12.812+02:00,43.86589838,10.25789822,15.892677,1,I TIM,TIM,LTE,-92,4,-92,-14,-1
2026-09-16T07:02:12.812+02:00,43.86589838,10.25789822,15.892677,3,Iliad,Iliad,LTE,-75,4,-75,-10,8
2026-09-16T07:02:16.831+02:00,43.86520722,10.2583704,17.353815,1,I TIM,TIM,LTE,-88,4,-88,-12,1
2026-09-16T07:02:16.831+02:00,43.86520722,10.2583704,17.353815,3,Iliad,Iliad,LTE,-74,4,-74,-9,12
2026-09-16T07:02:20.858+02:00,43.86448556,10.25899415,18.11418,1,I TIM,TIM,LTE,-85,4,-85,-10,4
2026-09-16T07:02:20.858+02:00,43.86448556,10.25899415,18.11418,3,Iliad,Iliad,LTE,-77,4,-77,-9,14
2026-09-16T07:02:24.880+02:00,43.86372294,10.25973142,13.960615,1,I TIM,TIM,LTE,-85,4,-85,-9,3
2026-09-16T07:02:24.880+02:00,43.86372294,10.25973142,13.960615,3,Iliad,Iliad,LTE,-96,4,-96,-11,5
2026-09-16T07:02:28.905+02:00,43.86296327,10.26035037,13.562171,1,I TIM,TIM,LTE,-89,4,-89,-11,-3
2026-09-16T07:02:28.905+02:00,43.86296327,10.26035037,13.562171,3,Iliad,Iliad,LTE,-101,3,-101,-13,0
2026-09-16T07:02:32.923+02:00,43.86210556,10.26106802,13.774869,1,I TIM,TIM,LTE,-93,4,-93,-14,-2
2026-09-16T07:02:32.923+02:00,43.86210556,10.26106802,13.774869,3,Iliad,Iliad,LTE,-101,3,-101,-15,-3
2026-09-16T07:02:36.943+02:00,43.86127048,10.26171273,15.704458,1,I TIM,TIM,LTE,-85,4,-85,-9,6
2026-09-16T07:02:36.943+02:00,43.86127048,10.26171273,15.704458,3,Iliad,Iliad,LTE,-84,4,-84,-13,0
2026-09-16T07:02:40.966+02:00,43.86039041,10.26250378,15.65308,1,I TIM,TIM,LTE,-85,4,-85,-9,5
2026-09-16T07:02:40.966+02:00,43.86039041,10.26250378,15.65308,3,Iliad,Iliad,LTE,-77,4,-77,-11,7
2026-09-16T07:02:44.982+02:00,43.85951997,10.2632266,16.752617,1,I TIM,TIM,LTE,-88,4,-88,-9,3
2026-09-16T07:02:44.982+02:00,43.85951997,10.2632266,16.752617,3,Iliad,Iliad,LTE,-76,4,-76,-10,10
2026-09-16T07:02:48.996+02:00,43.8604889,10.2598372,300.0,1,I TIM,TIM,LTE,-87,4,-87,-10,3
2026-09-16T07:02:48.996+02:00,43.8604889,10.2598372,300.0,3,Iliad,Iliad,LTE,-76,4,-76,-9,14
2026-09-16T07:02:53.016+02:00,43.85767934,10.26473812,18.643185,1,I TIM,TIM,LTE,-87,4,-87,-11,2
2026-09-16T07:02:53.016+02:00,43.85767934,10.26473812,18.643185,3,Iliad,Iliad,LTE,-77,4,-77,-9,10
2026-09-16T07:02:57.035+02:00,43.85669587,10.26553358,14.71736,1,I TIM,TIM,LTE,-88,4,-88,-12,0
2026-09-16T07:02:57.035+02:00,43.85669587,10.26553358,14.71736,3,Iliad,Iliad,LTE,-77,4,-77,-11,10
2026-09-16T07:03:01.055+02:00,43.85569117,10.2663925,14.171051,1,I TIM,TIM,LTE,-89,4,-89,-13,-1
2026-09-16T07:03:01.055+02:00,43.85569117,10.2663925,14.171051,3,Iliad,Iliad,LTE,-76,4,-76,-11,18
2026-09-16T07:03:05.074+02:00,43.85468807,10.26728175,13.354631,1,I TIM,TIM,LTE,-90,4,-90,-15,-2
2026-09-16T07:03:05.074+02:00,43.85468807,10.26728175,13.354631,3,Iliad,Iliad,LTE,-79,4,-79,-11,20
2026-09-16T07:03:09.096+02:00,43.85364805,10.26808908,13.633183,1,I TIM,TIM,LTE,-91,4,-91,-16,-2
2026-09-16T07:03:09.096+02:00,43.85364805,10.26808908,13.633183,3,Iliad,Iliad,LTE,-78,4,-78,-11,20
2026-09-16T07:03:13.113+02:00,43.85260601,10.26894659,13.667545,1,I TIM,TIM,LTE,-91,4,-91,-16,-2
2026-09-16T07:03:13.113+02:00,43.85260601,10.26894659,13.667545,3,Iliad,Iliad,LTE,-80,4,-80,-12,19
2026-09-16T07:03:17.134+02:00,43.85146363,10.26989368,14.079748,1,I TIM,TIM,LTE,-92,4,-92,-14,-2
2026-09-16T07:03:17.134+02:00,43.85146363,10.26989368,14.079748,3,Iliad,Iliad,LTE,-81,4,-81,-12,14
2026-09-16T07:03:21.150+02:00,43.85033677,10.2708754,15.051547,1,I TIM,TIM,LTE,-95,4,-95,-14,-3
2026-09-16T07:03:21.150+02:00,43.85033677,10.2708754,15.051547,3,Iliad,Iliad,LTE,-84,4,-84,-13,6
2026-09-16T07:03:25.166+02:00,43.8492504,10.27181388,21.965563,1,I TIM,TIM,LTE,-97,4,-97,-16,-4
2026-09-16T07:03:25.166+02:00,43.8492504,10.27181388,21.965563,3,Iliad,Iliad,LTE,-87,4,-87,-14,4
2026-09-16T07:03:29.184+02:00,43.8604889,10.2598372,300.0,1,I TIM,TIM,LTE,-98,4,-98,-17,-4
2026-09-16T07:03:29.184+02:00,43.8604889,10.2598372,300.0,3,Iliad,Iliad,LTE,-88,4,-88,-15,4
2026-09-16T07:03:33.204+02:00,43.84695582,10.27366958,23.8346,1,I TIM,TIM,LTE,-104,3,-104,-18,-5
2026-09-16T07:03:33.204+02:00,43.84695582,10.27366958,23.8346,3,Iliad,Iliad,LTE,-91,4,-91,-16,3
2026-09-16T07:03:37.225+02:00,43.84575577,10.27463944,23.485266,1,I TIM,TIM,LTE,-106,3,-106,-18,-6
2026-09-16T07:03:37.225+02:00,43.84575577,10.27463944,23.485266,3,Iliad,Iliad,LTE,-93,4,-93,-15,2
2026-09-16T07:03:41.252+02:00,43.84460886,10.27540672,22.979734,1,I TIM,TIM,IWLAN,-104,3,-104,-18,-5
2026-09-16T07:03:41.252+02:00,43.84460886,10.27540672,22.979734,3,Iliad,Iliad,LTE,-90,4,-90,-14,4
2026-09-16T07:03:45.268+02:00,43.84342583,10.27619849,24.609211,1,I TIM,TIM,IWLAN,-96,4,-96,-18,0
2026-09-16T07:03:45.268+02:00,43.84342583,10.27619849,24.609211,3,Iliad,Iliad,LTE,-86,4,-86,-12,6
2026-09-16T07:03:49.299+02:00,43.8422548,10.2772931,22.752075,1,I TIM,TIM,IWLAN,-94,4,-94,-15,2
2026-09-16T07:03:49.299+02:00,43.8422548,10.2772931,22.752075,3,Iliad,Iliad,LTE,-86,4,-86,-12,6
2026-09-16T07:03:53.319+02:00,43.84103277,10.2782309,22.909964,1,I TIM,TIM,LTE,-90,4,-90,-12,6
2026-09-16T07:03:53.319+02:00,43.84103277,10.2782309,22.909964,3,Iliad,Iliad,LTE,-77,4,-77,-10,8
2026-09-16T07:03:57.343+02:00,43.83970857,10.27955323,22.86597,1,I TIM,TIM,LTE,-85,4,-85,-11,6
2026-09-16T07:03:57.343+02:00,43.83970857,10.27955323,22.86597,3,Iliad,Iliad,LTE,-73,4,-73,-9,9
2026-09-16T07:04:01.371+02:00,43.8384502,10.2804995,23.705854,1,I TIM,TIM,LTE,-84,4,-84,-12,8
2026-09-16T07:04:01.371+02:00,43.8384502,10.2804995,23.705854,3,Iliad,Iliad,LTE,-73,4,-73,-9,9
2026-09-16T07:04:05.388+02:00,43.83716078,10.2814073,17.585512,1,I TIM,TIM,LTE,-91,4,-91,-12,9
2026-09-16T07:04:05.388+02:00,43.83716078,10.2814073,17.585512,3,Iliad,Iliad,LTE,-74,4,-74,-8,9
2026-09-16T07:04:09.411+02:00,43.83584807,10.28280851,14.374057,1,I TIM,TIM,LTE,-91,4,-91,-11,8
2026-09-16T07:04:09.411+02:00,43.83584807,10.28280851,14.374057,3,Iliad,Iliad,LTE,-74,4,-74,-8,14
2026-09-16T07:04:13.432+02:00,43.8345925,10.28386296,14.888871,1,I TIM,TIM,LTE,-92,4,-92,-12,3
2026-09-16T07:04:13.432+02:00,43.8345925,10.28386296,14.888871,3,Iliad,Iliad,LTE,-74,4,-74,-8,14
2026-09-16T07:04:17.450+02:00,43.83322167,10.28483792,19.217598,1,I TIM,TIM,LTE,-90,4,-90,-11,1
2026-09-16T07:04:17.450+02:00,43.83322167,10.28483792,19.217598,3,Iliad,Iliad,LTE,-74,4,-74,-8,10
2026-09-16T07:04:21.468+02:00,43.83192129,10.28599239,17.20153,1,I TIM,TIM,LTE,-90,4,-90,-13,12
2026-09-16T07:04:21.468+02:00,43.83192129,10.28599239,17.20153,3,Iliad,Iliad,LTE,-75,4,-75,-9,9
2026-09-16T07:04:25.493+02:00,43.83052214,10.28709006,14.669963,1,I TIM,TIM,LTE,-91,4,-91,-14,11
2026-09-16T07:04:25.493+02:00,43.83052214,10.28709006,14.669963,3,Iliad,Iliad,LTE,-77,4,-77,-11,9
2026-09-16T07:04:29.513+02:00,43.82918261,10.28826205,13.2184305,1,I TIM,TIM,LTE,-91,4,-91,-14,11
2026-09-16T07:04:29.513+02:00,43.82918261,10.28826205,13.2184305,3,Iliad,Iliad,LTE,-76,4,-76,-11,7
2026-09-16T07:04:33.535+02:00,43.8296037,10.2777152,500.0,1,I TIM,TIM,LTE,-92,4,-92,-15,3
2026-09-16T07:04:33.535+02:00,43.8296037,10.2777152,500.0,3,Iliad,Iliad,LTE,-74,4,-74,-10,10
2026-09-16T07:04:37.556+02:00,43.82648755,10.29062725,13.656465,1,I TIM,TIM,LTE,-95,4,-95,-17,1
2026-09-16T07:04:37.556+02:00,43.82648755,10.29062725,13.656465,3,Iliad,Iliad,LTE,-75,4,-75,-9,13
2026-09-16T07:04:41.580+02:00,43.82510741,10.29170267,13.710826,1,I TIM,TIM,LTE,-95,4,-95,-18,4
2026-09-16T07:04:41.580+02:00,43.82510741,10.29170267,13.710826,3,Iliad,Iliad,LTE,-78,4,-78,-10,5
2026-09-16T07:04:45.596+02:00,43.82365995,10.29284952,13.863213,1,I TIM,TIM,LTE,-93,4,-93,-16,7
2026-09-16T07:04:45.596+02:00,43.82365995,10.29284952,13.863213,3,Iliad,Iliad,LTE,-78,4,-78,-10,5
2026-09-16T07:04:49.632+02:00,43.82220653,10.29401488,12.591803,1,I TIM,TIM,LTE,-95,4,-95,-16,3
2026-09-16T07:04:49.632+02:00,43.82220653,10.29401488,12.591803,3,Iliad,Iliad,LTE,-74,4,-74,-8,12
2026-09-16T07:04:53.650+02:00,43.82079128,10.29517813,13.158781,1,I TIM,TIM,LTE,-102,3,-102,-17,0
2026-09-16T07:04:53.650+02:00,43.82079128,10.29517813,13.158781,3,Iliad,Iliad,LTE,-75,4,-75,-9,13
2026-09-16T07:04:57.676+02:00,43.81942643,10.29635246,13.652222,1,I TIM,TIM,LTE,-110,2,-110,-18,-2
2026-09-16T07:04:57.676+02:00,43.81942643,10.29635246,13.652222,3,Iliad,Iliad,LTE,-74,4,-74,-10,16
2026-09-16T07:05:01.696+02:00,43.81793492,10.29754135,14.46776,1,I TIM,TIM,IWLAN,-111,2,-111,-19,-3
2026-09-16T07:05:01.696+02:00,43.81793492,10.29754135,14.46776,3,Iliad,Iliad,LTE,-75,4,-75,-10,15
2026-09-16T07:05:05.713+02:00,43.8164974,10.29872089,14.290001,1,I TIM,TIM,IWLAN,-114,2,-114,-12,0
2026-09-16T07:05:05.713+02:00,43.8164974,10.29872089,14.290001,3,Iliad,Iliad,LTE,-75,4,-75,-10,15
2026-09-16T07:05:09.739+02:00,43.81498558,10.29986566,13.353542,1,I TIM,TIM,IWLAN,-110,2,-110,-10,5
2026-09-16T07:05:09.739+02:00,43.81498558,10.29986566,13.353542,3,Iliad,Iliad,LTE,-82,4,-82,-9,14
2026-09-16T07:05:13.760+02:00,43.81353011,10.30114061,13.215464,1,I TIM,TIM,IWLAN,-109,2,-109,-8,9
2026-09-16T07:05:13.760+02:00,43.81353011,10.30114061,13.215464,3,Iliad,Iliad,LTE,-82,4,-82,-9,14
2026-09-16T07:05:17.786+02:00,43.8120692,10.30244092,12.17787,1,I TIM,TIM,IWLAN,-105,3,-105,-7,11
2026-09-16T07:05:17.786+02:00,43.8120692,10.30244092,12.17787,3,Iliad,Iliad,LTE,-87,4,-87,-9,13
2026-09-16T07:05:21.812+02:00,43.81054516,10.30367057,11.820844,1,I TIM,TIM,IWLAN,-104,3,-104,-7,11
2026-09-16T07:05:21.812+02:00,43.81054516,10.30367057,11.820844,3,Iliad,Iliad,LTE,-90,4,-90,-8,14
2026-09-16T07:05:25.834+02:00,43.80904636,10.30490763,11.394711,1,I TIM,TIM,IWLAN,-104,3,-104,-7,11
2026-09-16T07:05:25.834+02:00,43.80904636,10.30490763,11.394711,3,Iliad,Iliad,LTE,-92,4,-92,-9,13
2026-09-16T07:05:29.858+02:00,43.80752707,10.30606283,11.502836,1,I TIM,TIM,IWLAN,-100,3,-100,-8,12
2026-09-16T07:05:29.858+02:00,43.80752707,10.30606283,11.502836,3,Iliad,Iliad,LTE,-92,4,-92,-9,12
2026-09-16T07:05:33.884+02:00,43.80603003,10.30734102,12.259272,1,I TIM,TIM,IWLAN,-99,3,-99,-9,11
2026-09-16T07:05:33.884+02:00,43.80603003,10.30734102,12.259272,3,Iliad,Iliad,LTE,-93,4,-93,-9,11
2026-09-16T07:05:37.903+02:00,43.7933125,10.2766635,699.999,1,I TIM,TIM,IWLAN,-96,4,-96,-10,11
2026-09-16T07:05:37.903+02:00,43.7933125,10.2766635,699.999,3,Iliad,Iliad,LTE,-93,4,-93,-9,9
2026-09-16T07:05:41.923+02:00,43.80294284,10.30994665,12.5542,1,I TIM,TIM,IWLAN,-96,4,-96,-11,6
2026-09-16T07:05:41.923+02:00,43.80294284,10.30994665,12.5542,3,Iliad,Iliad,LTE,-95,4,-95,-9,9
2026-09-16T07:05:45.943+02:00,43.80141556,10.3110796,12.7414465,1,I TIM,TIM,IWLAN,-100,3,-100,-12,0
2026-09-16T07:05:45.943+02:00,43.80141556,10.3110796,12.7414465,3,Iliad,Iliad,LTE,-95,4,-95,-9,9
2026-09-16T07:05:49.965+02:00,43.79918586,10.31310664,14.137141,1,I TIM,TIM,IWLAN,-100,3,-100,-11,1
2026-09-16T07:05:49.965+02:00,43.79918586,10.31310664,14.137141,3,Iliad,Iliad,LTE,-95,4,-95,-10,12
2026-09-16T07:05:53.984+02:00,43.79758185,10.3143407,13.661999,1,I TIM,TIM,IWLAN,-103,3,-103,-9,14
2026-09-16T07:05:53.984+02:00,43.79758185,10.3143407,13.661999,3,Iliad,Iliad,LTE,-95,4,-95,-11,13
2026-09-16T07:05:58.007+02:00,43.79604906,10.31564972,14.818176,1,I TIM,TIM,IWLAN,-105,3,-105,-10,15
2026-09-16T07:05:58.007+02:00,43.79604906,10.31564972,14.818176,3,Iliad,Iliad,LTE,-97,4,-97,-11,11
2026-09-16T07:06:02.023+02:00,43.79449666,10.31690011,15.356532,1,I TIM,TIM,IWLAN,-107,3,-107,-10,14
2026-09-16T07:06:02.023+02:00,43.79449666,10.31690011,15.356532,3,Iliad,Iliad,LTE,-101,3,-101,-12,7
2026-09-16T07:06:06.044+02:00,43.79294759,10.3181251,13.154439,1,I TIM,TIM,IWLAN,-108,3,-108,-9,11
2026-09-16T07:06:06.044+02:00,43.79294759,10.3181251,13.154439,3,Iliad,Iliad,LTE,-101,3,-101,-12,7
2026-09-16T07:06:10.064+02:00,43.79136264,10.31931207,12.360281,1,I TIM,TIM,IWLAN,-110,2,-110,-9,8
2026-09-16T07:06:10.064+02:00,43.79136264,10.31931207,12.360281,3,Iliad,Iliad,LTE,-104,3,-104,-15,-3
2026-09-16T07:06:14.083+02:00,43.78985954,10.3205975,12.600537,1,I TIM,TIM,IWLAN,-114,2,-114,-11,6
2026-09-16T07:06:14.083+02:00,43.78985954,10.3205975,12.600537,3,Iliad,Iliad,LTE,-104,3,-104,-15,-3
2026-09-16T07:06:18.100+02:00,43.78833346,10.32189721,11.50222,1,I TIM,TIM,IWLAN,-118,2,-118,-12,2
2026-09-16T07:06:18.100+02:00,43.78833346,10.32189721,11.50222,3,Iliad,Iliad,LTE,-99,3,-99,-14,-2
2026-09-16T07:06:22.116+02:00,43.78674822,10.32314455,11.95007,1,I TIM,TIM,IWLAN,-115,2,-115,-11,0
2026-09-16T07:06:22.116+02:00,43.78674822,10.32314455,11.95007,3,Iliad,Iliad,LTE,-95,4,-95,-13,0
2026-09-16T07:06:26.136+02:00,43.78517339,10.32450366,12.13908,1,I TIM,TIM,IWLAN,-113,2,-113,-11,0
2026-09-16T07:06:26.136+02:00,43.78517339,10.32450366,12.13908,3,Iliad,Iliad,LTE,-95,4,-95,-13,0
2026-09-16T07:06:30.159+02:00,43.78367038,10.32570162,12.034292,1,I TIM,TIM,IWLAN,-106,3,-106,-9,6
2026-09-16T07:06:30.159+02:00,43.78367038,10.32570162,12.034292,3,Iliad,Iliad,LTE,-94,4,-94,-13,-1
2026-09-16T07:06:34.184+02:00,43.78225439,10.32681425,11.658876,1,I TIM,TIM,IWLAN,-105,3,-105,-10,9
2026-09-16T07:06:34.184+02:00,43.78225439,10.32681425,11.658876,3,Iliad,Iliad,LTE,-94,4,-94,-13,-1
2026-09-16T07:06:38.202+02:00,43.78089503,10.32794441,12.779985,1,I TIM,TIM,IWLAN,-104,3,-104,-10,9
2026-09-16T07:06:38.202+02:00,43.78089503,10.32794441,12.779985,3,Iliad,Iliad,LTE,-93,4,-93,-13,0
2026-09-16T07:06:42.220+02:00,43.7796047,10.3289595,13.004026,1,I TIM,TIM,IWLAN,-106,3,-106,-12,6
2026-09-16T07:06:42.220+02:00,43.7796047,10.3289595,13.004026,3,Iliad,Iliad,LTE,-93,4,-93,-14,0
2026-09-16T07:06:46.236+02:00,43.77841529,10.32996189,12.198449,1,I TIM,TIM,IWLAN,-106,3,-106,-12,3
2026-09-16T07:06:46.236+02:00,43.77841529,10.32996189,12.198449,3,Iliad,Iliad,LTE,-89,4,-89,-13,1
2026-09-16T07:06:50.257+02:00,43.77727051,10.33086714,12.022361,1,I TIM,TIM,IWLAN,-105,3,-105,-13,1
2026-09-16T07:06:50.257+02:00,43.77727051,10.33086714,12.022361,3,Iliad,Iliad,LTE,-84,4,-84,-12,5
2026-09-16T07:06:54.273+02:00,43.77620047,10.33174911,12.114883,1,I TIM,TIM,IWLAN,-105,3,-105,-14,-1
2026-09-16T07:06:54.273+02:00,43.77620047,10.33174911,12.114883,3,Iliad,Iliad,LTE,-78,4,-78,-10,16
2026-09-16T07:06:58.290+02:00,43.77512056,10.33258871,12.023373,1,I TIM,TIM,IWLAN,-101,3,-101,-11,4
2026-09-16T07:06:58.290+02:00,43.77512056,10.33258871,12.023373,3,Iliad,Iliad,LTE,-76,4,-76,-9,20
2026-09-16T07:07:02.305+02:00,43.77404492,10.33344977,11.483131,1,I TIM,TIM,IWLAN,-94,4,-94,-9,15
2026-09-16T07:07:02.305+02:00,43.77404492,10.33344977,11.483131,3,Iliad,Iliad,LTE,-76,4,-76,-9,21
2026-09-16T07:07:06.326+02:00,43.7730022,10.3343401,11.2789345,1,I TIM,TIM,IWLAN,-94,4,-94,-9,20
2026-09-16T07:07:06.326+02:00,43.7730022,10.3343401,11.2789345,3,Iliad,Iliad,LTE,-75,4,-75,-8,22
2026-09-16T07:07:10.353+02:00,43.77197372,10.33519854,11.23017,1,I TIM,TIM,LTE,-96,4,-96,-11,19
2026-09-16T07:07:10.353+02:00,43.77197372,10.33519854,11.23017,3,Iliad,Iliad,LTE,-76,4,-76,-9,21
2026-09-16T07:07:14.379+02:00,43.77092252,10.33606196,11.436173,1,I TIM,TIM,LTE,-101,3,-101,-10,15
2026-09-16T07:07:14.379+02:00,43.77092252,10.33606196,11.436173,3,Iliad,Iliad,LTE,-74,4,-74,-9,20
2026-09-16T07:07:18.397+02:00,43.76989382,10.33689287,11.404277,1,I TIM,TIM,LTE,-101,3,-101,-10,14
2026-09-16T07:07:18.397+02:00,43.76989382,10.33689287,11.404277,3,Iliad,Iliad,LTE,-74,4,-74,-8,19
2026-09-16T07:07:22.419+02:00,43.76885163,10.33768468,11.288018,1,I TIM,TIM,LTE,-104,3,-104,-11,10
2026-09-16T07:07:22.419+02:00,43.76885163,10.33768468,11.288018,3,Iliad,Iliad,LTE,-74,4,-74,-8,19
2026-09-16T07:07:26.437+02:00,43.76782276,10.33853394,11.246103,1,I TIM,TIM,LTE,-103,3,-103,-12,9
2026-09-16T07:07:26.437+02:00,43.76782276,10.33853394,11.246103,3,Iliad,Iliad,LTE,-74,4,-74,-8,21
2026-09-16T07:07:30.454+02:00,43.76677107,10.33934596,11.292604,1,I TIM,TIM,LTE,-110,2,-110,-13,4
2026-09-16T07:07:30.454+02:00,43.76677107,10.33934596,11.292604,3,Iliad,Iliad,LTE,-74,4,-74,-9,20
2026-09-16T07:07:34.473+02:00,43.76571299,10.34018219,11.559878,1,I TIM,TIM,IWLAN,-113,2,-113,-14,1
2026-09-16T07:07:34.473+02:00,43.76571299,10.34018219,11.559878,3,Iliad,Iliad,LTE,-76,4,-76,-9,19
2026-09-16T07:07:38.491+02:00,43.76481893,10.34117393,11.623192,1,I TIM,TIM,IWLAN,-109,2,-109,-14,0
2026-09-16T07:07:38.491+02:00,43.76481893,10.34117393,11.623192,3,Iliad,Iliad,LTE,-79,4,-79,-9,18
2026-09-16T07:07:42.511+02:00,43.76406172,10.34236478,12.296344,1,I TIM,TIM,IWLAN,-112,2,-112,-15,-5
2026-09-16T07:07:42.511+02:00,43.76406172,10.34236478,12.296344,3,Iliad,Iliad,LTE,-79,4,-79,-9,16
2026-09-16T07:07:46.535+02:00,43.76328605,10.34382142,11.20766,1,I TIM,TIM,IWLAN,-112,2,-112,-15,-5
2026-09-16T07:07:46.535+02:00,43.76328605,10.34382142,11.20766,3,Iliad,Iliad,LTE,-81,4,-81,-9,14
2026-09-16T07:07:50.556+02:00,43.76256879,10.34517628,12.01022,1,I TIM,TIM,IWLAN,-122,1,-122,-19,-9
2026-09-16T07:07:50.556+02:00,43.76256879,10.34517628,12.01022,3,Iliad,Iliad,LTE,-87,4,-87,-10,9
2026-09-16T07:07:54.582+02:00,43.76183327,10.3464789,11.708043,1,I TIM,TIM,IWLAN,-119,1,-119,-19,-8
2026-09-16T07:07:54.582+02:00,43.76183327,10.3464789,11.708043,3,Iliad,Iliad,LTE,-89,4,-89,-11,6
2026-09-16T07:07:58.600+02:00,43.76097348,10.34763727,11.085685,1,I TIM,TIM,IWLAN,-114,2,-114,-19,-9
2026-09-16T07:07:58.600+02:00,43.76097348,10.34763727,11.085685,3,Iliad,Iliad,LTE,-86,4,-86,-11,5
2026-09-16T07:08:02.619+02:00,43.76003273,10.34870873,12.181936,1,I TIM,TIM,IWLAN,-107,3,-107,-17,-2
2026-09-16T07:08:02.619+02:00,43.76003273,10.34870873,12.181936,3,Iliad,Iliad,LTE,-83,4,-83,-10,8
2026-09-16T07:08:06.638+02:00,43.75905011,10.34981354,12.645878,1,I TIM,TIM,IWLAN,-98,4,-98,-12,14
2026-09-16T07:08:06.638+02:00,43.75905011,10.34981354,12.645878,3,Iliad,Iliad,LTE,-82,4,-82,-10,10
2026-09-16T07:08:10.655+02:00,43.7580727,10.35088757,12.988636,1,I TIM,TIM,IWLAN,-98,4,-98,-12,14
2026-09-16T07:08:10.655+02:00,43.7580727,10.35088757,12.988636,3,Iliad,Iliad,LTE,-83,4,-83,-10,6
2026-09-16T07:08:14.681+02:00,43.764889,10.3418953,383.811,1,I TIM,TIM,IWLAN,-105,3,-105,-14,5
2026-09-16T07:08:14.681+02:00,43.764889,10.3418953,383.811,3,Iliad,Iliad,LTE,-88,4,-88,-12,0
2026-09-16T07:08:18.710+02:00,43.764889,10.3418953,397.811,1,I TIM,TIM,IWLAN,-114,2,-114,-15,0
2026-09-16T07:08:18.710+02:00,43.764889,10.3418953,397.811,3,Iliad,Iliad,LTE,-101,3,-101,-13,-1
2026-09-16T07:08:22.740+02:00,43.764889,10.3418953,397.811,1,I TIM,TIM,IWLAN,-121,1,-121,-15,-2
2026-09-16T07:08:22.740+02:00,43.764889,10.3418953,397.811,3,Iliad,Iliad,LTE,-101,3,-101,-13,-1
2026-09-16T07:08:26.764+02:00,43.764889,10.3418953,300.0,1,I TIM,TIM,IWLAN,-123,1,-123,-17,-5
2026-09-16T07:08:26.764+02:00,43.764889,10.3418953,300.0,3,Iliad,Iliad,LTE,-103,3,-103,-14,-5
2026-09-16T07:08:30.782+02:00,43.7352217,10.4040146,600.0,1,I TIM,TIM,IWLAN,-122,1,-122,-18,-5
2026-09-16T07:08:30.782+02:00,43.7352217,10.4040146,600.0,3,Iliad,Iliad,LTE,-103,3,-103,-16,-4
2026-09-16T07:08:34.804+02:00,43.7352217,10.4040146,600.0,1,I TIM,TIM,IWLAN,-121,1,-121,-19,-6
2026-09-16T07:08:34.804+02:00,43.7352217,10.4040146,600.0,3,Iliad,Iliad,LTE,-103,3,-103,-16,-4
2026-09-16T07:08:38.827+02:00,43.7352217,10.4040146,619.523,1,I TIM,TIM,IWLAN,-115,2,-115,-16,-5
2026-09-16T07:08:38.827+02:00,43.7352217,10.4040146,619.523,3,Iliad,Iliad,LTE,-103,3,-103,-16,-4
2026-09-16T07:08:42.849+02:00,43.7352217,10.4040146,619.523,1,I TIM,TIM,IWLAN,-110,2,-110,-16,-5
2026-09-16T07:08:42.849+02:00,43.7352217,10.4040146,619.523,3,Iliad,Iliad,LTE,-99,3,-99,-17,-3
2026-09-16T07:08:46.872+02:00,43.7352217,10.4040146,619.523,1,I TIM,TIM,IWLAN,-108,3,-108,-16,-4
2026-09-16T07:08:46.872+02:00,43.7352217,10.4040146,619.523,3,Iliad,Iliad,LTE,-99,3,-99,-16,-3
2026-09-16T07:08:50.901+02:00,43.7352217,10.4040146,619.523,1,I TIM,TIM,IWLAN,-104,3,-104,-15,-4
2026-09-16T07:08:50.901+02:00,43.7352217,10.4040146,619.523,3,Iliad,Iliad,LTE,-98,4,-98,-15,-1
2026-09-16T07:08:54.924+02:00,43.7352217,10.4040146,619.523,1,I TIM,TIM,IWLAN,-102,3,-102,-13,0
2026-09-16T07:08:54.924+02:00,43.7352217,10.4040146,619.523,3,Iliad,Iliad,LTE,-97,4,-97,-15,-1
2026-09-16T07:08:58.948+02:00,43.7352217,10.4040146,600.0,1,I TIM,TIM,IWLAN,-101,3,-101,-13,1
2026-09-16T07:08:58.948+02:00,43.7352217,10.4040146,600.0,3,Iliad,Iliad,LTE,-97,4,-97,-15,-1
2026-09-16T07:09:02.972+02:00,43.7352217,10.4040146,600.0,1,I TIM,TIM,IWLAN,-105,3,-105,-15,-2
2026-09-16T07:09:02.972+02:00,43.7352217,10.4040146,600.0,3,Iliad,Iliad,LTE,-97,4,-97,-17,-6
2026-09-16T07:09:06.998+02:00,43.7352217,10.4040146,600.0,1,I TIM,TIM,IWLAN,-104,3,-104,-15,-2
2026-09-16T07:09:06.998+02:00,43.7352217,10.4040146,600.0,3,Iliad,Iliad,LTE,-90,4,-90,-15,-4
2026-09-16T07:09:11.027+02:00,43.7352217,10.4040146,600.0,1,I TIM,TIM,IWLAN,-104,3,-104,-15,-2
2026-09-16T07:09:11.027+02:00,43.7352217,10.4040146,600.0,3,Iliad,Iliad,LTE,-86,4,-86,-15,-3
2026-09-16T07:09:15.052+02:00,43.7352217,10.4040146,600.0,1,I TIM,TIM,IWLAN,-105,3,-105,-16,-2
2026-09-16T07:09:15.052+02:00,43.7352217,10.4040146,600.0,3,Iliad,Iliad,LTE,-85,4,-85,-14,0
2026-09-16T07:09:19.078+02:00,43.7104811,10.3959402,100.0,1,I TIM,TIM,IWLAN,-106,3,-106,-16,-2
2026-09-16T07:09:19.078+02:00,43.7104811,10.3959402,100.0,3,Iliad,Iliad,LTE,-88,4,-88,-13,0
2026-09-16T07:09:23.104+02:00,43.7104811,10.3959402,100.0,1,I TIM,TIM,IWLAN,-106,3,-106,-16,-2
2026-09-16T07:09:23.104+02:00,43.7104811,10.3959402,100.0,3,Iliad,Iliad,LTE,-88,4,-88,-13,0
2026-09-16T07:09:27.136+02:00,43.7104811,10.3959402,100.0,1,I TIM,TIM,IWLAN,-100,3,-100,-14,-4
2026-09-16T07:09:27.136+02:00,43.7104811,10.3959402,100.0,3,Iliad,Iliad,LTE,-86,4,-86,-12,2
2026-09-16T07:09:31.159+02:00,43.7104811,10.3959402,100.0,1,I TIM,TIM,IWLAN,-94,4,-94,-11,0
2026-09-16T07:09:31.159+02:00,43.7104811,10.3959402,100.0,3,Iliad,Iliad,LTE,-86,4,-86,-12,5
2026-09-16T07:09:35.191+02:00,43.7104811,10.3959402,100.0,1,I TIM,TIM,LTE,-91,4,-91,-8,5
2026-09-16T07:09:35.191+02:00,43.7104811,10.3959402,100.0,3,Iliad,Iliad,LTE,-87,4,-87,-11,5
2026-09-16T07:09:39.215+02:00,43.7104231,10.3706684,300.0,1,I TIM,TIM,LTE,-91,4,-91,-9,5
2026-09-16T07:09:39.215+02:00,43.7104231,10.3706684,300.0,3,Iliad,Iliad,LTE,-85,4,-85,-12,-1
2026-09-16T07:09:43.240+02:00,43.7104231,10.3706684,300.0,1,I TIM,TIM,LTE,-94,4,-94,-11,1
2026-09-16T07:09:43.240+02:00,43.7104231,10.3706684,300.0,3,Iliad,Iliad,LTE,-87,4,-87,-14,-6
2026-09-16T07:09:47.264+02:00,43.7104811,10.3959402,100.0,1,I TIM,TIM,LTE,-95,4,-95,-13,-1
2026-09-16T07:09:47.264+02:00,43.7104811,10.3959402,100.0,3,Iliad,Iliad,LTE,-88,4,-88,-15,-4
2026-09-16T07:09:51.306+02:00,43.7104811,10.3959402,100.0,1,I TIM,TIM,LTE,-94,4,-94,-12,0
2026-09-16T07:09:51.306+02:00,43.7104811,10.3959402,100.0,3,Iliad,Iliad,LTE,-86,4,-86,-14,-3
2026-09-16T07:09:55.339+02:00,43.7104811,10.3959402,100.0,1,I TIM,TIM,LTE,-92,4,-92,-12,0
2026-09-16T07:09:55.339+02:00,43.7104811,10.3959402,100.0,3,Iliad,Iliad,LTE,-83,4,-83,-13,-3
2026-09-16T07:09:59.365+02:00,43.7104811,10.3959402,100.0,1,I TIM,TIM,LTE,-93,4,-93,-14,-4
2026-09-16T07:09:59.365+02:00,43.7104811,10.3959402,100.0,3,Iliad,Iliad,LTE,-80,4,-80,-12,0
2026-09-16T07:10:03.390+02:00,43.7104811,10.3959402,100.0,1,I TIM,TIM,LTE,-97,4,-97,-17,-7
2026-09-16T07:10:03.390+02:00,43.7104811,10.3959402,100.0,3,Iliad,Iliad,LTE,-80,4,-80,-11,4
2026-09-16T07:10:07.408+02:00,43.7104811,10.3959402,100.0,1,I TIM,TIM,LTE,-101,3,-101,-19,-8
2026-09-16T07:10:07.408+02:00,43.7104811,10.3959402,100.0,3,Iliad,Iliad,LTE,-78,4,-78,-9,7
2026-09-16T07:10:11.444+02:00,43.7104811,10.3959402,100.0,1,I TIM,TIM,LTE,-98,4,-98,-18,-7
2026-09-16T07:10:11.444+02:00,43.7104811,10.3959402,100.0,3,Iliad,Iliad,LTE,-76,4,-76,-9,6
2026-09-16T07:10:15.470+02:00,43.7104811,10.3959402,100.0,1,I TIM,TIM,LTE,-93,4,-93,-15,-2
2026-09-16T07:10:15.470+02:00,43.7104811,10.3959402,100.0,3,Iliad,Iliad,LTE,-76,4,-76,-9,0
2026-09-16T07:10:19.488+02:00,43.7352217,10.4040146,600.0,1,I TIM,TIM,LTE,-96,4,-96,-15,-2
2026-09-16T07:10:19.488+02:00,43.7352217,10.4040146,600.0,3,Iliad,Iliad,LTE,-80,4,-80,-14,-4
2026-09-16T07:10:23.516+02:00,43.72822476,10.38343971,147.20775,1,I TIM,TIM,LTE,-101,3,-101,-17,-2
2026-09-16T07:10:23.516+02:00,43.72822476,10.38343971,147.20775,3,Iliad,Iliad,LTE,-83,4,-83,-15,-4
2026-09-16T07:10:27.540+02:00,43.72787535,10.38404963,51.52549,1,I TIM,TIM,LTE,-100,3,-100,-17,-2
2026-09-16T07:10:27.540+02:00,43.72787535,10.38404963,51.52549,3,Iliad,Iliad,LTE,-79,4,-79,-10,2
2026-09-16T07:10:31.555+02:00,43.72667399,10.38540023,95.788795,1,I TIM,TIM,LTE,-98,4,-98,-17,-2
2026-09-16T07:10:31.555+02:00,43.72667399,10.38540023,95.788795,3,Iliad,Iliad,LTE,-80,4,-80,-11,0
2026-09-16T07:10:35.588+02:00,43.72667399,10.38540023,95.788795,1,I TIM,TIM,LTE,-98,4,-98,-18,-3
2026-09-16T07:10:35.588+02:00,43.72667399,10.38540023,95.788795,3,Iliad,Iliad,LTE,-78,4,-78,-12,2
2026-09-16T07:10:39.620+02:00,43.7352217,10.4040146,600.0,1,I TIM,TIM,LTE,-106,3,-106,-20,-7
2026-09-16T07:10:39.620+02:00,43.7352217,10.4040146,600.0,3,Iliad,Iliad,LTE,-80,4,-80,-12,8
2026-09-16T07:10:43.652+02:00,43.7352217,10.4040146,600.0,1,I TIM,TIM,LTE,-112,2,-112,-17,-6
2026-09-16T07:10:43.652+02:00,43.7352217,10.4040146,600.0,3,Iliad,Iliad,LTE,-81,4,-81,-12,14
2026-09-16T07:10:47.686+02:00,43.7352217,10.4040146,600.0,1,I TIM,TIM,IWLAN,-103,3,-103,-14,3
2026-09-16T07:10:47.686+02:00,43.7352217,10.4040146,600.0,3,Iliad,Iliad,LTE,-83,4,-83,-13,13
2026-09-16T07:10:51.721+02:00,43.7352217,10.4040146,600.0,1,I TIM,TIM,IWLAN,-103,3,-103,-14,7
2026-09-16T07:10:51.721+02:00,43.7352217,10.4040146,600.0,3,Iliad,Iliad,LTE,-85,4,-85,-16,13
2026-09-16T07:10:55.756+02:00,43.7352217,10.4040146,600.0,1,I TIM,TIM,IWLAN,-109,2,-109,-15,2
2026-09-16T07:10:55.756+02:00,43.7352217,10.4040146,600.0,3,Iliad,Iliad,LTE,-83,4,-83,-14,14
2026-09-16T07:10:59.781+02:00,43.7181401,10.3899726,200.0,1,I TIM,TIM,IWLAN,-109,2,-109,-15,2
2026-09-16T07:10:59.781+02:00,43.7181401,10.3899726,200.0,3,Iliad,Iliad,LTE,-79,4,-79,-11,13
2026-09-16T07:11:03.818+02:00,43.7181401,10.3899726,200.0,1,I TIM,TIM,IWLAN,-107,3,-107,-14,2
2026-09-16T07:11:03.818+02:00,43.7181401,10.3899726,200.0,3,Iliad,Iliad,LTE,-78,4,-78,-9,18
2026-09-16T07:11:07.850+02:00,43.7181401,10.3899726,200.0,1,I TIM,TIM,IWLAN,-107,3,-107,-14,2
2026-09-16T07:11:07.850+02:00,43.7181401,10.3899726,200.0,3,Iliad,Iliad,LTE,-75,4,-75,-9,16
2026-09-16T07:11:11.886+02:00,43.7181401,10.3899726,200.0,1,I TIM,TIM,IWLAN,-104,3,-104,-14,3
2026-09-16T07:11:11.886+02:00,43.7181401,10.3899726,200.0,3,Iliad,Iliad,LTE,-73,4,-73,-9,17
2026-09-16T07:11:15.920+02:00,43.7181401,10.3899726,200.0,1,I TIM,TIM,IWLAN,-101,3,-101,-14,4
2026-09-16T07:11:15.920+02:00,43.7181401,10.3899726,200.0,3,Iliad,Iliad,LTE,-71,4,-71,-9,17
2026-09-16T07:11:19.950+02:00,43.7181401,10.3899726,200.0,1,I TIM,TIM,IWLAN,-101,3,-101,-14,4
2026-09-16T07:11:19.950+02:00,43.7181401,10.3899726,200.0,3,Iliad,Iliad,LTE,-71,4,-71,-9,17
2026-09-16T07:11:23.980+02:00,43.7181401,10.3899726,200.0,1,I TIM,TIM,IWLAN,-102,3,-102,-14,4
2026-09-16T07:11:23.980+02:00,43.7181401,10.3899726,200.0,3,Iliad,Iliad,LTE,-76,4,-76,-10,11
2026-09-16T07:11:27.997+02:00,43.7181401,10.3899726,200.0,1,I TIM,TIM,IWLAN,-102,3,-102,-14,5
2026-09-16T07:11:27.997+02:00,43.7181401,10.3899726,200.0,3,Iliad,Iliad,LTE,-72,4,-72,-9,8
2026-09-16T07:11:32.029+02:00,43.7181401,10.3899726,200.0,1,I TIM,TIM,IWLAN,-105,3,-105,-12,6
2026-09-16T07:11:32.029+02:00,43.7181401,10.3899726,200.0,3,Iliad,Iliad,LTE,-72,4,-72,-8,12
2026-09-16T07:11:36.063+02:00,43.7181401,10.3899726,200.0,1,I TIM,TIM,IWLAN,-105,3,-105,-12,6
2026-09-16T07:11:36.063+02:00,43.7181401,10.3899726,200.0,3,Iliad,Iliad,LTE,-73,4,-73,-8,15
2026-09-16T07:11:40.096+02:00,43.7181401,10.3899726,200.0,1,I TIM,TIM,IWLAN,-109,2,-109,-13,-2
2026-09-16T07:11:40.096+02:00,43.7181401,10.3899726,200.0,3,Iliad,Iliad,LTE,-74,4,-74,-7,20
2026-09-16T07:11:44.120+02:00,43.7181401,10.3899726,200.0,1,I TIM,TIM,IWLAN,-111,2,-111,-13,-3
2026-09-16T07:11:44.120+02:00,43.7181401,10.3899726,200.0,3,Iliad,Iliad,LTE,-75,4,-75,-7,22
2026-09-16T07:11:48.140+02:00,43.7181401,10.3899726,200.0,1,I TIM,TIM,IWLAN,-119,1,-119,-16,-4
2026-09-16T07:11:48.140+02:00,43.7181401,10.3899726,200.0,3,Iliad,Iliad,LTE,-73,4,-73,-7,22
2026-09-16T07:11:52.160+02:00,43.7181401,10.3899726,200.0,1,I TIM,TIM,IWLAN,-123,1,-123,-18,-5
2026-09-16T07:11:52.160+02:00,43.7181401,10.3899726,200.0,3,Iliad,Iliad,LTE,-70,4,-70,-8,15
2026-09-16T07:11:56.194+02:00,43.7181401,10.3899726,200.0,1,I TIM,TIM,IWLAN,-120,1,-120,-17,-6
2026-09-16T07:11:56.194+02:00,43.7181401,10.3899726,200.0,3,Iliad,Iliad,LTE,-70,4,-70,-8,15
2026-09-16T07:12:00.224+02:00,43.7181401,10.3899726,200.0,1,I TIM,TIM,IWLAN,-120,1,-120,-16,-5
2026-09-16T07:12:00.224+02:00,43.7181401,10.3899726,200.0,3,Iliad,Iliad,LTE,-73,4,-73,-8,12
2026-09-16T07:12:04.241+02:00,43.7113643,10.3896264,52.4,1,I TIM,TIM,IWLAN,-122,1,-122,-17,-8
2026-09-16T07:12:04.241+02:00,43.7113643,10.3896264,52.4,3,Iliad,Iliad,LTE,-73,4,-73,-8,12
2026-09-16T07:12:08.266+02:00,43.7113643,10.3896264,52.4,1,I TIM,TIM,IWLAN,-111,2,-111,-14,-1
2026-09-16T07:12:08.266+02:00,43.7113643,10.3896264,52.4,3,Iliad,Iliad,LTE,-77,4,-77,-9,7
2026-09-16T07:12:12.304+02:00,43.7113643,10.3896264,52.4,1,I TIM,TIM,IWLAN,-102,3,-102,-10,6
2026-09-16T07:12:12.304+02:00,43.7113643,10.3896264,52.4,3,Iliad,Iliad,LTE,-82,4,-82,-10,3
2026-09-16T07:12:16.335+02:00,43.7113643,10.3896264,52.4,1,I TIM,TIM,IWLAN,-101,3,-101,-9,5
2026-09-16T07:12:16.335+02:00,43.7113643,10.3896264,52.4,3,Iliad,Iliad,LTE,-77,4,-77,-11,8
2026-09-16T07:12:20.361+02:00,43.7113643,10.3896264,52.4,1,I TIM,TIM,IWLAN,-101,3,-101,-9,5
2026-09-16T07:12:20.361+02:00,43.7113643,10.3896264,52.4,3,Iliad,Iliad,LTE,-77,4,-77,-11,8
2026-09-16T07:12:24.402+02:00,43.7113643,10.3896264,52.4,1,I TIM,TIM,IWLAN,-102,3,-102,-9,4
2026-09-16T07:12:24.402+02:00,43.7113643,10.3896264,52.4,3,Iliad,Iliad,LTE,-78,4,-78,-12,7
2026-09-16T07:12:28.432+02:00,43.7113312,10.3931319,200.0,1,I TIM,TIM,IWLAN,-100,3,-100,-9,7
2026-09-16T07:12:28.432+02:00,43.7113312,10.3931319,200.0,3,Iliad,Iliad,LTE,-79,4,-79,-12,6
2026-09-16T07:12:32.464+02:00,43.7113312,10.3931319,200.0,1,I TIM,TIM,IWLAN,-101,3,-101,-10,9
2026-09-16T07:12:32.464+02:00,43.7113312,10.3931319,200.0,3,Iliad,Iliad,LTE,-79,4,-79,-10,7
2026-09-16T07:12:36.490+02:00,43.7113312,10.3931319,200.0,1,I TIM,TIM,IWLAN,-104,3,-104,-11,4
2026-09-16T07:12:36.490+02:00,43.7113312,10.3931319,200.0,3,Iliad,Iliad,LTE,-79,4,-79,-10,7
2026-09-16T07:12:40.520+02:00,43.7113312,10.3931319,200.0,1,I TIM,TIM,IWLAN,-107,3,-107,-13,0
2026-09-16T07:12:40.520+02:00,43.7113312,10.3931319,200.0,3,Iliad,Iliad,LTE,-79,4,-79,-10,7
2026-09-16T07:12:44.552+02:00,43.7113312,10.3931319,200.0,1,I TIM,TIM,IWLAN,-109,2,-109,-15,-3
2026-09-16T07:12:44.552+02:00,43.7113312,10.3931319,200.0,3,Iliad,Iliad,LTE,-79,4,-79,-10,7
2026-09-16T07:12:48.587+02:00,43.7079493,10.3976954,100.0,1,I TIM,TIM,IWLAN,-105,3,-105,-11,3
2026-09-16T07:12:48.587+02:00,43.7079493,10.3976954,100.0,3,Iliad,Iliad,LTE,-74,4,-74,-10,4
2026-09-16T07:12:52.620+02:00,43.7079493,10.3976954,100.0,1,I TIM,TIM,IWLAN,-104,3,-104,-9,11
2026-09-16T07:12:52.620+02:00,43.7079493,10.3976954,100.0,3,Iliad,Iliad,LTE,-79,4,-79,-12,-2
2026-09-16T07:12:56.649+02:00,43.7079493,10.3976954,100.0,1,I TIM,TIM,IWLAN,-105,3,-105,-10,11
2026-09-16T07:12:56.649+02:00,43.7079493,10.3976954,100.0,3,Iliad,Iliad,LTE,-82,4,-82,-14,-3
2026-09-16T07:13:00.684+02:00,43.7079493,10.3976954,100.0,1,I TIM,TIM,IWLAN,-106,3,-106,-10,12
2026-09-16T07:13:00.684+02:00,43.7079493,10.3976954,100.0,3,Iliad,Iliad,LTE,-86,4,-86,-11,0
2026-09-16T07:13:04.716+02:00,43.7079493,10.3976954,100.0,1,I TIM,TIM,IWLAN,-108,3,-108,-8,11
2026-09-16T07:13:04.716+02:00,43.7079493,10.3976954,100.0,3,Iliad,Iliad,LTE,-87,4,-87,-11,1
2026-09-16T07:13:08.736+02:00,43.7079493,10.3976954,100.0,1,I TIM,TIM,IWLAN,-108,3,-108,-8,11
2026-09-16T07:13:08.736+02:00,43.7079493,10.3976954,100.0,3,Iliad,Iliad,LTE,-86,4,-86,-11,1
2026-09-16T07:13:12.775+02:00,43.7079493,10.3976954,100.0,1,I TIM,TIM,IWLAN,-112,2,-112,-9,7
2026-09-16T07:13:12.775+02:00,43.7079493,10.3976954,100.0,3,Iliad,Iliad,LTE,-86,4,-86,-11,1
2026-09-16T07:13:16.805+02:00,43.7079493,10.3976954,100.0,1,I TIM,TIM,IWLAN,-112,2,-112,-9,7
2026-09-16T07:13:16.805+02:00,43.7079493,10.3976954,100.0,3,Iliad,Iliad,LTE,-82,4,-82,-12,2
2026-09-16T07:13:20.840+02:00,43.7079493,10.3976954,100.0,1,I TIM,TIM,IWLAN,-112,2,-112,-9,7
2026-09-16T07:13:20.840+02:00,43.7079493,10.3976954,100.0,3,Iliad,Iliad,LTE,-83,4,-83,-12,3
2026-09-16T07:13:24.871+02:00,43.7079493,10.3976954,100.0,1,I TIM,TIM,IWLAN,-114,2,-114,-9,5
2026-09-16T07:13:24.871+02:00,43.7079493,10.3976954,100.0,3,Iliad,Iliad,LTE,-84,4,-84,-13,1
2026-09-16T07:13:28.905+02:00,43.7079493,10.3976954,100.0,1,I TIM,TIM,IWLAN,-114,2,-114,-9,5
2026-09-16T07:13:28.905+02:00,43.7079493,10.3976954,100.0,3,Iliad,Iliad,LTE,-84,4,-84,-13,-1
2026-09-16T07:13:32.934+02:00,43.7079493,10.3976954,100.0,1,I TIM,TIM,IWLAN,-113,2,-113,-11,5
2026-09-16T07:13:32.934+02:00,43.7079493,10.3976954,100.0,3,Iliad,Iliad,LTE,-84,4,-84,-13,-1
2026-09-16T07:13:36.968+02:00,43.7079493,10.3976954,100.0,1,I TIM,TIM,IWLAN,-113,2,-113,-11,5
2026-09-16T07:13:36.968+02:00,43.7079493,10.3976954,100.0,3,Iliad,Iliad,LTE,-84,4,-84,-13,-1
2026-09-16T07:13:40.997+02:00,43.7079493,10.3976954,100.0,1,I TIM,TIM,IWLAN,-113,2,-113,-11,5
2026-09-16T07:13:40.997+02:00,43.7079493,10.3976954,100.0,3,Iliad,Iliad,LTE,-84,4,-84,-13,-1
2026-09-16T07:13:45.023+02:00,43.7079493,10.3976954,100.0,1,I TIM,TIM,IWLAN,-113,2,-113,-11,5
2026-09-16T07:13:45.023+02:00,43.7079493,10.3976954,100.0,3,Iliad,Iliad,LTE,-84,4,-84,-13,-1
2026-09-16T07:13:49.055+02:00,43.7079493,10.3976954,100.0,1,I TIM,TIM,IWLAN,-114,2,-114,-10,4
2026-09-16T07:13:49.055+02:00,43.7079493,10.3976954,100.0,3,Iliad,Iliad,LTE,-84,4,-84,-13,-1
2026-09-16T07:13:53.084+02:00,43.7079493,10.3976954,100.0,1,I TIM,TIM,IWLAN,-114,2,-114,-10,4
2026-09-16T07:13:53.084+02:00,43.7079493,10.3976954,100.0,3,Iliad,Iliad,LTE,-84,4,-84,-13,-1
2026-09-16T07:13:57.116+02:00,43.7079493,10.3976954,100.0,1,I TIM,TIM,IWLAN,-113,2,-113,-11,5
2026-09-16T07:13:57.116+02:00,43.7079493,10.3976954,100.0,3,Iliad,Iliad,LTE,-84,4,-84,-13,-1
2026-09-16T07:14:01.151+02:00,43.7079493,10.3976954,100.0,1,I TIM,TIM,IWLAN,-113,2,-113,-11,6
2026-09-16T07:14:01.151+02:00,43.7079493,10.3976954,100.0,3,Iliad,Iliad,LTE,-84,4,-84,-13,-1
2026-09-16T07:14:05.176+02:00,43.7079493,10.3976954,100.0,1,I TIM,TIM,IWLAN,-112,2,-112,-9,8
2026-09-16T07:14:05.176+02:00,43.7079493,10.3976954,100.0,3,Iliad,Iliad,LTE,-84,4,-84,-13,-1
2026-09-16T07:14:09.212+02:00,43.7079493,10.3976954,100.0,1,I TIM,TIM,IWLAN,-112,2,-112,-9,8
2026-09-16T07:14:09.212+02:00,43.7079493,10.3976954,100.0,3,Iliad,Iliad,LTE,-83,4,-83,-13,-1
2026-09-16T07:14:13.243+02:00,43.7079493,10.3976954,100.0,1,I TIM,TIM,IWLAN,-112,2,-112,-8,8
2026-09-16T07:14:13.243+02:00,43.7079493,10.3976954,100.0,3,Iliad,Iliad,LTE,-84,4,-84,-14,-2
2026-09-16T07:14:17.275+02:00,43.7079493,10.3976954,100.0,1,I TIM,TIM,IWLAN,-112,2,-112,-9,7
2026-09-16T07:14:17.275+02:00,43.7079493,10.3976954,100.0,3,Iliad,Iliad,LTE,-84,4,-84,-14,-2
2026-09-16T07:14:21.308+02:00,43.7079493,10.3976954,100.0,1,I TIM,TIM,IWLAN,-112,2,-112,-9,7
2026-09-16T07:14:21.308+02:00,43.7079493,10.3976954,100.0,3,Iliad,Iliad,LTE,-84,4,-84,-14,-2
2026-09-16T07:14:25.331+02:00,43.7079493,10.3976954,100.0,1,I TIM,TIM,IWLAN,-112,2,-112,-9,7
2026-09-16T07:14:25.331+02:00,43.7079493,10.3976954,100.0,3,Iliad,Iliad,LTE,-84,4,-84,-14,-2
2026-09-16T07:14:29.352+02:00,43.7079493,10.3976954,100.0,1,I TIM,TIM,IWLAN,-112,2,-112,-9,7
2026-09-16T07:14:29.352+02:00,43.7079493,10.3976954,100.0,3,Iliad,Iliad,LTE,-84,4,-84,-14,-2
2026-09-16T07:14:33.385+02:00,43.7079493,10.3976954,100.0,1,I TIM,TIM,IWLAN,-112,2,-112,-9,7
2026-09-16T07:14:33.385+02:00,43.7079493,10.3976954,100.0,3,Iliad,Iliad,LTE,-84,4,-84,-14,-2
2026-09-16T07:14:37.408+02:00,43.7079493,10.3976954,100.0,1,I TIM,TIM,IWLAN,-112,2,-112,-9,7
2026-09-16T07:14:37.408+02:00,43.7079493,10.3976954,100.0,3,Iliad,Iliad,LTE,-84,4,-84,-14,-2
2026-09-16T07:14:41.448+02:00,43.7079493,10.3976954,100.0,1,I TIM,TIM,IWLAN,-112,2,-112,-9,7
2026-09-16T07:14:41.448+02:00,43.7079493,10.3976954,100.0,3,Iliad,Iliad,LTE,-84,4,-84,-14,-2
2026-09-16T07:14:45.490+02:00,43.7079493,10.3976954,100.0,1,I TIM,TIM,IWLAN,-112,2,-112,-9,7
2026-09-16T07:14:45.490+02:00,43.7079493,10.3976954,100.0,3,Iliad,Iliad,LTE,-84,4,-84,-14,-2
2026-09-16T07:14:49.540+02:00,43.7079493,10.3976954,100.0,1,I TIM,TIM,IWLAN,-112,2,-112,-9,7
2026-09-16T07:14:49.540+02:00,43.7079493,10.3976954,100.0,3,Iliad,Iliad,LTE,-84,4,-84,-14,-2
2026-09-16T07:14:53.585+02:00,43.7079493,10.3976954,100.0,1,I TIM,TIM,IWLAN,-112,2,-112,-9,7
2026-09-16T07:14:53.585+02:00,43.7079493,10.3976954,100.0,3,Iliad,Iliad,LTE,-84,4,-84,-14,-2
2026-09-16T07:14:57.616+02:00,43.7079493,10.3976954,100.0,1,I TIM,TIM,IWLAN,-112,2,-112,-9,7
2026-09-16T07:14:57.616+02:00,43.7079493,10.3976954,100.0,3,Iliad,Iliad,LTE,-84,4,-84,-14,-2
2026-09-16T07:15:01.675+02:00,43.7079493,10.3976954,100.0,1,I TIM,TIM,IWLAN,-112,2,-112,-9,7
2026-09-16T07:15:01.675+02:00,43.7079493,10.3976954,100.0,3,Iliad,Iliad,LTE,-84,4,-84,-14,-2
2026-09-16T07:15:05.710+02:00,43.7079493,10.3976954,100.0,1,I TIM,TIM,IWLAN,-112,2,-112,-9,7
2026-09-16T07:15:05.710+02:00,43.7079493,10.3976954,100.0,3,Iliad,Iliad,LTE,-84,4,-84,-14,-2
2026-09-16T07:15:09.747+02:00,43.7079493,10.3976954,100.0,1,I TIM,TIM,IWLAN,-112,2,-112,-9,7
2026-09-16T07:15:09.747+02:00,43.7079493,10.3976954,100.0,3,Iliad,Iliad,LTE,-84,4,-84,-14,-2
2026-09-16T07:15:13.786+02:00,43.7079493,10.3976954,100.0,1,I TIM,TIM,IWLAN,-112,2,-112,-9,7
2026-09-16T07:15:13.786+02:00,43.7079493,10.3976954,100.0,3,Iliad,Iliad,LTE,-84,4,-84,-14,-2
2026-09-16T07:15:17.829+02:00,43.7079493,10.3976954,100.0,1,I TIM,TIM,IWLAN,-112,2,-112,-9,7
2026-09-16T07:15:17.829+02:00,43.7079493,10.3976954,100.0,3,Iliad,Iliad,LTE,-84,4,-84,-14,-2
2026-09-16T07:15:21.872+02:00,43.7079493,10.3976954,100.0,1,I TIM,TIM,IWLAN,-112,2,-112,-9,7
2026-09-16T07:15:21.872+02:00,43.7079493,10.3976954,100.0,3,Iliad,Iliad,LTE,-84,4,-84,-14,-2
2026-09-16T07:15:25.904+02:00,43.7079493,10.3976954,166.311,1,I TIM,TIM,IWLAN,-112,2,-112,-9,7
2026-09-16T07:15:25.904+02:00,43.7079493,10.3976954,166.311,3,Iliad,Iliad,LTE,-84,4,-84,-14,-2
2026-09-16T07:15:29.942+02:00,43.7079493,10.3976954,180.32501,1,I TIM,TIM,IWLAN,-112,2,-112,-9,7
2026-09-16T07:15:29.942+02:00,43.7079493,10.3976954,180.32501,3,Iliad,Iliad,LTE,-84,4,-84,-14,-2
2026-09-16T07:15:33.996+02:00,43.7079493,10.3976954,180.32501,1,I TIM,TIM,IWLAN,-112,2,-112,-9,7
2026-09-16T07:15:33.996+02:00,43.7079493,10.3976954,180.32501,3,Iliad,Iliad,LTE,-84,4,-84,-14,-2
2026-09-16T07:15:38.031+02:00,43.7079493,10.3976954,180.32501,1,I TIM,TIM,IWLAN,-112,2,-112,-9,7
2026-09-16T07:15:38.031+02:00,43.7079493,10.3976954,180.32501,3,Iliad,Iliad,LTE,-84,4,-84,-14,-2
2026-09-16T07:15:42.078+02:00,43.7079493,10.3976954,100.0,1,I TIM,TIM,IWLAN,-112,2,-112,-9,7
2026-09-16T07:15:42.078+02:00,43.7079493,10.3976954,100.0,3,Iliad,Iliad,LTE,-84,4,-84,-14,-2
2026-09-16T07:15:46.118+02:00,43.7079493,10.3976954,100.0,1,I TIM,TIM,IWLAN,-112,2,-112,-9,7
2026-09-16T07:15:46.118+02:00,43.7079493,10.3976954,100.0,3,Iliad,Iliad,LTE,-84,4,-84,-14,-2
2026-09-16T07:15:50.146+02:00,43.7079493,10.3976954,100.0,1,I TIM,TIM,IWLAN,-112,2,-112,-9,7
2026-09-16T07:15:50.146+02:00,43.7079493,10.3976954,100.0,3,Iliad,Iliad,LTE,-84,4,-84,-14,-2
2026-09-16T07:15:54.194+02:00,43.7079493,10.3976954,100.0,1,I TIM,TIM,IWLAN,-112,2,-112,-9,7
2026-09-16T07:15:54.194+02:00,43.7079493,10.3976954,100.0,3,Iliad,Iliad,LTE,-84,4,-84,-14,-2
2026-09-16T07:15:58.230+02:00,43.7079493,10.3976954,100.0,1,I TIM,TIM,IWLAN,-110,2,-110,-15,-1
2026-09-16T07:15:58.230+02:00,43.7079493,10.3976954,100.0,3,Iliad,Iliad,LTE,-84,4,-84,-14,-2
2026-09-16T07:16:02.267+02:00,43.7095345,10.3998018,118.774,1,I TIM,TIM,IWLAN,-110,2,-110,-15,-1
2026-09-16T07:16:02.267+02:00,43.7095345,10.3998018,118.774,3,Iliad,Iliad,LTE,-84,4,-84,-14,-2
2026-09-16T07:16:06.292+02:00,43.7095345,10.3998018,132.795,1,I TIM,TIM,IWLAN,-111,2,-111,-15,-3
2026-09-16T07:16:06.292+02:00,43.7095345,10.3998018,132.795,3,Iliad,Iliad,LTE,-84,4,-84,-14,-2
2026-09-16T07:16:10.313+02:00,43.7095345,10.3998018,132.795,1,I TIM,TIM,IWLAN,-100,3,-100,-15,-2
2026-09-16T07:16:10.313+02:00,43.7095345,10.3998018,132.795,3,Iliad,Iliad,LTE,-84,4,-84,-14,-2
2026-09-16T07:16:14.344+02:00,43.7095345,10.3998018,202.837,1,I TIM,TIM,IWLAN,-88,4,-88,-14,0
2026-09-16T07:16:14.344+02:00,43.7095345,10.3998018,202.837,3,Iliad,Iliad,LTE,-84,4,-84,-14,-2
2026-09-16T07:16:18.379+02:00,43.7095345,10.3998018,202.837,1,I TIM,TIM,LTE,-88,4,-88,-14,0
2026-09-16T07:16:18.379+02:00,43.7095345,10.3998018,202.837,3,Iliad,Iliad,LTE,-84,4,-84,-14,-2
2026-09-16T07:16:22.422+02:00,43.7075242,10.3990997,114.007,1,I TIM,TIM,LTE,-88,4,-88,-14,0
2026-09-16T07:16:22.422+02:00,43.7075242,10.3990997,114.007,3,Iliad,Iliad,LTE,-84,4,-84,-14,-2
2026-09-16T07:16:26.463+02:00,43.7075242,10.3990997,114.007,1,I TIM,TIM,LTE,-88,4,-88,-14,0
2026-09-16T07:16:26.463+02:00,43.7075242,10.3990997,114.007,3,Iliad,Iliad,LTE,-84,4,-84,-14,-2
2026-09-16T07:16:30.488+02:00,43.7075242,10.3990997,114.007,1,I TIM,TIM,LTE,-88,4,-88,-14,0
2026-09-16T07:16:30.488+02:00,43.7075242,10.3990997,114.007,3,Iliad,Iliad,LTE,-84,4,-84,-14,-2
2026-09-16T07:16:34.533+02:00,43.7075242,10.3990997,194.479,1,I TIM,TIM,LTE,-88,4,-88,-14,0
2026-09-16T07:16:34.533+02:00,43.7075242,10.3990997,194.479,3,Iliad,Iliad,LTE,-84,4,-84,-14,-2
2026-09-16T07:16:38.580+02:00,43.7075242,10.3990997,194.479,1,I TIM,TIM,LTE,-88,4,-88,-14,0
2026-09-16T07:16:38.580+02:00,43.7075242,10.3990997,194.479,3,Iliad,Iliad,LTE,-84,4,-84,-14,-2
2026-09-16T07:16:42.613+02:00,43.7075242,10.3990997,194.479,1,I TIM,TIM,LTE,-88,4,-88,-14,0
2026-09-16T07:16:42.613+02:00,43.7075242,10.3990997,194.479,3,Iliad,Iliad,LTE,-84,4,-84,-14,-2
2026-09-16T07:16:46.646+02:00,43.7079949,10.4036635,100.0,1,I TIM,TIM,LTE,-88,4,-88,-14,0
2026-09-16T07:16:46.646+02:00,43.7079949,10.4036635,100.0,3,Iliad,Iliad,LTE,-84,4,-84,-14,-2
2026-09-16T07:16:50.664+02:00,43.7079949,10.4036635,100.0,1,I TIM,TIM,LTE,-88,4,-88,-14,0
2026-09-16T07:16:50.664+02:00,43.7079949,10.4036635,100.0,3,Iliad,Iliad,LTE,-84,4,-84,-14,-2
2026-09-16T07:16:54.703+02:00,43.7079949,10.4036635,100.0,1,I TIM,TIM,LTE,-88,4,-88,-14,0
2026-09-16T07:16:54.703+02:00,43.7079949,10.4036635,100.0,3,Iliad,Iliad,LTE,-84,4,-84,-14,-2
2026-09-16T07:16:58.742+02:00,43.7079949,10.4036635,100.0,1,I TIM,TIM,LTE,-88,4,-88,-14,0
2026-09-16T07:16:58.742+02:00,43.7079949,10.4036635,100.0,3,Iliad,Iliad,LTE,-84,4,-84,-14,-2
2026-09-16T07:17:02.771+02:00,43.7079949,10.4036635,100.0,1,I TIM,TIM,LTE,-88,4,-88,-14,0
2026-09-16T07:17:02.771+02:00,43.7079949,10.4036635,100.0,3,Iliad,Iliad,LTE,-84,4,-84,-14,-2
2026-09-16T07:17:06.804+02:00,43.7084654,10.4082276,314.007,1,I TIM,TIM,LTE,-88,4,-88,-14,0
2026-09-16T07:17:06.804+02:00,43.7084654,10.4082276,314.007,3,Iliad,Iliad,LTE,-84,4,-84,-14,-2
2026-09-16T07:17:10.858+02:00,43.7084654,10.4082276,300.0,1,I TIM,TIM,LTE,-88,4,-88,-14,0
2026-09-16T07:17:10.858+02:00,43.7084654,10.4082276,300.0,3,Iliad,Iliad,LTE,-84,4,-84,-14,-2
2026-09-16T07:17:14.901+02:00,43.7084654,10.4082276,300.0,1,I TIM,TIM,LTE,-88,4,-88,-14,0
2026-09-16T07:17:14.901+02:00,43.7084654,10.4082276,300.0,3,Iliad,Iliad,LTE,-84,4,-84,-14,-2
2026-09-16T07:17:18.942+02:00,43.7084654,10.4082276,300.0,1,I TIM,TIM,LTE,-88,4,-88,-14,0
2026-09-16T07:17:18.942+02:00,43.7084654,10.4082276,300.0,3,Iliad,Iliad,LTE,-84,4,-84,-14,-2
2026-09-16T07:17:22.981+02:00,43.7084654,10.4082276,300.0,1,I TIM,TIM,LTE,-88,4,-88,-14,0
2026-09-16T07:17:22.981+02:00,43.7084654,10.4082276,300.0,3,Iliad,Iliad,LTE,-84,4,-84,-14,-2
2026-09-16T07:17:27.032+02:00,43.7084654,10.4082276,300.0,1,I TIM,TIM,LTE,-88,4,-88,-14,0
2026-09-16T07:17:27.032+02:00,43.7084654,10.4082276,300.0,3,Iliad,Iliad,LTE,-84,4,-84,-14,-2
2026-09-16T07:17:31.065+02:00,43.7084654,10.4082276,369.13202,1,I TIM,TIM,LTE,-88,4,-88,-14,0
2026-09-16T07:17:31.065+02:00,43.7084654,10.4082276,369.13202,3,Iliad,Iliad,LTE,-84,4,-84,-14,-2
2026-09-16T07:17:35.114+02:00,43.7084654,10.4082276,383.146,1,I TIM,TIM,LTE,-88,4,-88,-14,0
2026-09-16T07:17:35.114+02:00,43.7084654,10.4082276,383.146,3,Iliad,Iliad,LTE,-84,4,-84,-14,-2
2026-09-16T07:17:39.146+02:00,43.7084654,10.4082276,383.146,1,I TIM,TIM,LTE,-88,4,-88,-14,0
2026-09-16T07:17:39.146+02:00,43.7084654,10.4082276,383.146,3,Iliad,Iliad,LTE,-84,4,-84,-14,-2
2026-09-16T07:17:43.179+02:00,43.7084654,10.4082276,383.146,1,I TIM,TIM,LTE,-88,4,-88,-14,0
2026-09-16T07:17:43.179+02:00,43.7084654,10.4082276,383.146,3,Iliad,Iliad,LTE,-84,4,-84,-14,-2
2026-09-16T07:17:47.217+02:00,43.7084654,10.4082276,383.146,1,I TIM,TIM,LTE,-88,4,-88,-14,0
2026-09-16T07:17:47.217+02:00,43.7084654,10.4082276,383.146,3,Iliad,Iliad,LTE,-84,4,-84,-14,-2
2026-09-16T07:17:51.258+02:00,43.7084654,10.4082276,383.146,1,I TIM,TIM,LTE,-88,4,-88,-14,0
2026-09-16T07:17:51.258+02:00,43.7084654,10.4082276,383.146,3,Iliad,Iliad,LTE,-84,4,-84,-14,-2
2026-09-16T07:17:55.299+02:00,43.706133,10.4110364,500.0,1,I TIM,TIM,LTE,-88,4,-88,-14,0
2026-09-16T07:17:55.299+02:00,43.706133,10.4110364,500.0,3,Iliad,Iliad,LTE,-84,4,-84,-14,-2
2026-09-16T07:17:59.343+02:00,43.706133,10.4110364,500.0,1,I TIM,TIM,LTE,-88,4,-88,-14,0
2026-09-16T07:17:59.343+02:00,43.706133,10.4110364,500.0,3,Iliad,Iliad,LTE,-84,4,-84,-14,-2
2026-09-16T07:18:03.376+02:00,43.706133,10.4110364,500.0,1,I TIM,TIM,LTE,-88,4,-88,-14,0
2026-09-16T07:18:03.376+02:00,43.706133,10.4110364,500.0,3,Iliad,Iliad,LTE,-84,4,-84,-14,-2
2026-09-16T07:18:07.410+02:00,43.706133,10.4110364,500.0,1,I TIM,TIM,LTE,-88,4,-88,-14,0
2026-09-16T07:18:07.410+02:00,43.706133,10.4110364,500.0,3,Iliad,Iliad,LTE,-84,4,-84,-14,-2
2026-09-16T07:18:11.455+02:00,43.706133,10.4110364,500.0,1,I TIM,TIM,LTE,-88,4,-88,-14,0
2026-09-16T07:18:11.455+02:00,43.706133,10.4110364,500.0,3,Iliad,Iliad,LTE,-84,4,-84,-14,-2
2026-09-16T07:18:15.474+02:00,43.7084654,10.4082276,300.0,1,I TIM,TIM,LTE,-88,4,-88,-14,0
2026-09-16T07:18:15.474+02:00,43.7084654,10.4082276,300.0,3,Iliad,Iliad,LTE,-84,4,-84,-14,-2
2026-09-16T07:18:19.513+02:00,43.7084654,10.4082276,300.0,1,I TIM,TIM,LTE,-88,4,-88,-14,0
2026-09-16T07:18:19.513+02:00,43.7084654,10.4082276,300.0,3,Iliad,Iliad,LTE,-84,4,-84,-14,-2
2026-09-16T07:18:23.543+02:00,43.7084654,10.4082276,300.0,1,I TIM,TIM,LTE,-88,4,-88,-14,0
2026-09-16T07:18:23.543+02:00,43.7084654,10.4082276,300.0,3,Iliad,Iliad,LTE,-84,4,-84,-14,-2
2026-09-16T07:18:27.584+02:00,43.7084654,10.4082276,300.0,1,I TIM,TIM,LTE,-88,4,-88,-14,0
2026-09-16T07:18:27.584+02:00,43.7084654,10.4082276,300.0,3,Iliad,Iliad,LTE,-84,4,-84,-14,-2
2026-09-16T07:18:31.628+02:00,43.7084654,10.4082276,300.0,1,I TIM,TIM,LTE,-88,4,-88,-14,0
2026-09-16T07:18:31.628+02:00,43.7084654,10.4082276,300.0,3,Iliad,Iliad,LTE,-84,4,-84,-14,-2
2026-09-16T07:18:35.665+02:00,43.7084654,10.4082276,300.0,1,I TIM,TIM,LTE,-88,4,-88,-14,0
2026-09-16T07:18:35.665+02:00,43.7084654,10.4082276,300.0,3,Iliad,Iliad,LTE,-84,4,-84,-14,-2
2026-09-16T07:18:39.705+02:00,43.7084654,10.4082276,300.0,1,I TIM,TIM,LTE,-88,4,-88,-14,0
2026-09-16T07:18:39.705+02:00,43.7084654,10.4082276,300.0,3,Iliad,Iliad,LTE,-84,4,-84,-14,-2
2026-09-16T07:18:43.734+02:00,43.7084654,10.4082276,300.0,1,I TIM,TIM,LTE,-88,4,-88,-14,0
2026-09-16T07:18:43.734+02:00,43.7084654,10.4082276,300.0,3,Iliad,Iliad,LTE,-84,4,-84,-14,-2
2026-09-16T07:18:47.768+02:00,43.7084654,10.4082276,300.0,1,I TIM,TIM,LTE,-88,4,-88,-14,0
2026-09-16T07:18:47.768+02:00,43.7084654,10.4082276,300.0,3,Iliad,Iliad,LTE,-84,4,-84,-14,-2
2026-09-16T07:18:51.811+02:00,43.7084654,10.4082276,300.0,1,I TIM,TIM,LTE,-88,4,-88,-14,0
2026-09-16T07:18:51.811+02:00,43.7084654,10.4082276,300.0,3,Iliad,Iliad,LTE,-84,4,-84,-14,-2
2026-09-16T07:18:55.850+02:00,43.7084654,10.4082276,300.0,1,I TIM,TIM,LTE,-88,4,-88,-14,0
2026-09-16T07:18:55.850+02:00,43.7084654,10.4082276,300.0,3,Iliad,Iliad,LTE,-84,4,-84,-14,-2
2026-09-16T07:18:59.877+02:00,43.7084654,10.4082276,300.0,1,I TIM,TIM,LTE,-88,4,-88,-14,0
2026-09-16T07:18:59.877+02:00,43.7084654,10.4082276,300.0,3,Iliad,Iliad,LTE,-84,4,-84,-14,-2
2026-09-16T07:19:03.906+02:00,43.7084654,10.4082276,300.0,1,I TIM,TIM,LTE,-88,4,-88,-14,0
2026-09-16T07:19:03.906+02:00,43.7084654,10.4082276,300.0,3,Iliad,Iliad,LTE,-84,4,-84,-14,-2
2026-09-16T07:19:07.948+02:00,43.7084654,10.4082276,300.0,1,I TIM,TIM,LTE,-88,4,-88,-14,0
2026-09-16T07:19:07.948+02:00,43.7084654,10.4082276,300.0,3,Iliad,Iliad,LTE,-84,4,-84,-14,-2
2026-09-16T07:19:11.978+02:00,43.7084654,10.4082276,300.0,1,I TIM,TIM,LTE,-88,4,-88,-14,0
2026-09-16T07:19:11.978+02:00,43.7084654,10.4082276,300.0,3,Iliad,Iliad,LTE,-84,4,-84,-14,-2
2026-09-16T07:19:16.022+02:00,43.7084654,10.4082276,300.0,1,I TIM,TIM,LTE,-88,4,-88,-14,0
2026-09-16T07:19:16.022+02:00,43.7084654,10.4082276,300.0,3,Iliad,Iliad,LTE,-84,4,-84,-14,-2
2026-09-16T07:19:20.063+02:00,43.6874946,10.4299981,300.0,1,I TIM,TIM,LTE,-88,4,-88,-14,0
2026-09-16T07:19:20.063+02:00,43.6874946,10.4299981,300.0,3,Iliad,Iliad,LTE,-84,4,-84,-14,-2
2026-09-16T07:19:24.093+02:00,43.6874946,10.4299981,300.0,1,I TIM,TIM,LTE,-88,4,-88,-14,0
2026-09-16T07:19:24.093+02:00,43.6874946,10.4299981,300.0,3,Iliad,Iliad,LTE,-84,4,-84,-14,-2
2026-09-16T07:19:28.136+02:00,43.6874946,10.4299981,300.0,1,I TIM,TIM,LTE,-88,4,-88,-14,0
2026-09-16T07:19:28.136+02:00,43.6874946,10.4299981,300.0,3,Iliad,Iliad,LTE,-84,4,-84,-14,-2
2026-09-16T07:19:32.172+02:00,43.6874946,10.4299981,300.0,1,I TIM,TIM,LTE,-88,4,-88,-14,0
2026-09-16T07:19:32.172+02:00,43.6874946,10.4299981,300.0,3,Iliad,Iliad,LTE,-84,4,-84,-14,-2
2026-09-16T07:19:36.219+02:00,43.6874946,10.4299981,300.0,1,I TIM,TIM,LTE,-88,4,-88,-14,0
2026-09-16T07:19:36.219+02:00,43.6874946,10.4299981,300.0,3,Iliad,Iliad,LTE,-84,4,-84,-14,-2
2026-09-16T07:19:40.256+02:00,43.7094701,10.4005039,100.0,1,I TIM,TIM,LTE,-88,4,-88,-14,0
2026-09-16T07:19:40.256+02:00,43.7094701,10.4005039,100.0,3,Iliad,Iliad,LTE,-84,4,-84,-14,-2
2026-09-16T07:19:44.293+02:00,43.7094701,10.4005039,100.0,1,I TIM,TIM,LTE,-88,4,-88,-14,0
2026-09-16T07:19:44.293+02:00,43.7094701,10.4005039,100.0,3,Iliad,Iliad,LTE,-84,4,-84,-14,-2
2026-09-16T07:19:48.336+02:00,43.7094701,10.4005039,100.0,1,I TIM,TIM,LTE,-88,4,-88,-14,0
2026-09-16T07:19:48.336+02:00,43.7094701,10.4005039,100.0,3,Iliad,Iliad,LTE,-84,4,-84,-14,-2
2026-09-16T07:19:52.370+02:00,43.7094701,10.4005039,100.0,1,I TIM,TIM,LTE,-88,4,-88,-14,0
2026-09-16T07:19:52.370+02:00,43.7094701,10.4005039,100.0,3,Iliad,Iliad,LTE,-84,4,-84,-14,-2
2026-09-16T07:19:56.411+02:00,43.7094701,10.4005039,100.0,1,I TIM,TIM,LTE,-88,4,-88,-14,0
2026-09-16T07:19:56.411+02:00,43.7094701,10.4005039,100.0,3,Iliad,Iliad,LTE,-84,4,-84,-14,-2
2026-09-16T07:20:00.454+02:00,43.7094701,10.4005039,100.0,1,I TIM,TIM,LTE,-86,4,-86,-15,-3
2026-09-16T07:20:00.454+02:00,43.7094701,10.4005039,100.0,3,Iliad,Iliad,LTE,-77,4,-77,-14,-3
2026-09-16T07:20:04.476+02:00,43.7094701,10.4005039,100.0,1,I TIM,TIM,LTE,-86,4,-86,-17,-6
2026-09-16T07:20:04.476+02:00,43.7094701,10.4005039,100.0,3,Iliad,Iliad,LTE,-79,4,-79,-15,-3
2026-09-16T07:20:08.507+02:00,43.7094701,10.4005039,100.0,1,I TIM,TIM,LTE,-86,4,-86,-17,-6
2026-09-16T07:20:08.507+02:00,43.7094701,10.4005039,100.0,3,Iliad,Iliad,LTE,-79,4,-79,-15,-3
2026-09-16T07:20:12.531+02:00,43.7094701,10.4005039,100.0,1,I TIM,TIM,LTE,-85,4,-85,-15,-2
2026-09-16T07:20:12.531+02:00,43.7094701,10.4005039,100.0,3,Iliad,Iliad,LTE,-79,4,-79,-16,-1
2026-09-16T07:20:16.549+02:00,43.7094701,10.4005039,100.0,1,I TIM,TIM,LTE,-86,4,-86,-15,0
2026-09-16T07:20:16.549+02:00,43.7094701,10.4005039,100.0,3,Iliad,Iliad,LTE,-80,4,-80,-16,-1
2026-09-16T07:20:20.572+02:00,43.7094701,10.4005039,100.0,1,I TIM,TIM,LTE,-85,4,-85,-15,-1
2026-09-16T07:20:20.572+02:00,43.7094701,10.4005039,100.0,3,Iliad,Iliad,LTE,-81,4,-81,-15,-2
2026-09-16T07:20:24.594+02:00,43.7094701,10.4005039,100.0,1,I TIM,TIM,LTE,-85,4,-85,-15,-2
2026-09-16T07:20:24.594+02:00,43.7094701,10.4005039,100.0,3,Iliad,Iliad,LTE,-80,4,-80,-14,-2
2026-09-16T07:20:28.621+02:00,43.7094701,10.4005039,100.0,1,I TIM,TIM,LTE,-86,4,-86,-17,-6
2026-09-16T07:20:28.621+02:00,43.7094701,10.4005039,100.0,3,Iliad,Iliad,LTE,-81,4,-81,-15,-5
2026-09-16T07:20:32.646+02:00,43.7094701,10.4005039,100.0,1,I TIM,TIM,LTE,-87,4,-87,-19,-7
2026-09-16T07:20:32.646+02:00,43.7094701,10.4005039,100.0,3,Iliad,Iliad,LTE,-79,4,-79,-17,-4
